"","PROBEID","SYMBOL","ENTREZID"
"1","237351_at","LINC01697","284825"
"2","214505_s_at","FHL1","2273"
"3","89977_at","ACSM5","54988"
"4","230595_at","PGM5-AS1","572558"
"5","214582_at","PDE3B","5140"
"6","223764_x_at","NIPSNAP3B","55335"
"7","219059_s_at","LYVE1","10894"
"8","235670_at","STX11","8676"
"9","206930_at","GLYAT","10249"
"10","221295_at","CIDEA","1149"
"12","235201_at","FOXP2","93986"
"13","235382_at","LVRN","206338"
"15","223727_at","KCNIP2","30819"
"16","232313_at","TMEM132C","92293"
"17","206069_s_at","ACADL","33"
"18","239273_s_at","MMP28","79148"
"20","204997_at","GPD1","2819"
"21","206262_at","ADH1C","126"
"22","206030_at","ASPA","443"
"23","230282_at","TSPAN3","10099"
"25","1563182_at","ACVR1C","130399"
"27","1555741_at","MRAP","56246"
"30","220736_at","SLC19A3","80704"
"31","220327_at","VGLL3","389136"
"32","203295_s_at","ATP1A2","477"
"34","235708_at","KLB","152831"
"35","214040_s_at","GSN","2934"
"36","218934_s_at","HSPB7","27129"
"37","238003_at","HEPACAM","220296"
"38","1558820_a_at","CCDC178","374864"
"39","230309_at","BHMT2","23743"
"40","230670_at","IGSF10","285313"
"41","206209_s_at","CA4","762"
"42","229480_at","MAGI2-AS3","100505881"
"43","208383_s_at","PCK1","5105"
"44","241866_at","SLC16A7","9194"
"45","213325_at","NECTIN3","25945"
"46","205208_at","ALDH1L1","10840"
"47","1558420_at","C14orf180","400258"
"51","1556056_at","SIK2","23235"
"52","210963_s_at","GYG2","8908"
"53","206742_at","VEGFD","2277"
"54","206742_at","PIR-FIGF","100532742"
"55","205609_at","ANGPT1","284"
"58","1553243_at","ITIH5","80760"
"59","202884_s_at","PPP2R1B","5519"
"60","231790_at","DMGDH","29958"
"61","207537_at","PFKFB1","5207"
"62","210106_at","RDH5","5959"
"63","210106_at","BLOC1S1-RDH5","100528022"
"66","239183_at","ANGPTL1","9068"
"67","228540_at","QKI","9444"
"68","228082_at","CLMP","79827"
"69","1558552_s_at","SLC66A1LP","152078"
"70","220868_s_at","SLC7A10","56301"
"71","237017_s_at","SMAD3-DT","102723493"
"73","237154_at","HSD11B1-AS1","101930114"
"74","227529_s_at","AKAP12","9590"
"76","238062_at","GPIHBP1","338328"
"77","228368_at","ARHGAP20","57569"
"79","230246_at","PLAC9","219348"
"82","230115_at","LINC02716","374387"
"83","210832_x_at","PTGER3","5733"
"84","238919_at","PCDH9","5101"
"85","219937_at","TRHDE","29953"
"86","218864_at","TNS1","7145"
"87","206955_at","AQP7","364"
"89","237248_at","PDE11A","50940"
"91","209818_s_at","HABP4","22927"
"92","231380_at","C8orf34","116328"
"94","205108_s_at","APOB","338"
"96","239523_at","TRARG1","286753"
"97","223704_s_at","DMRT2","10655"
"98","229011_at","EMP1","2012"
"99","205824_at","HSPB2","3316"
"100","233496_s_at","CFL2","1073"
"101","232187_at","PALMD","54873"
"102","203641_s_at","COBLL1","22837"
"103","235849_at","SCARA5","286133"
"105","241765_at","CPM","1368"
"106","239398_at","KLHL31","401265"
"108","243311_at","DEFB132","400830"
"109","212705_x_at","PNPLA2","57104"
"111","227058_at","MEDAG","84935"
"112","1570454_at","EIF4EBP2","1979"
"113","1552616_a_at","ACACB","32"
"114","208186_s_at","LIPE","3991"
"115","240929_at","RBPMS-AS1","100128750"
"117","222717_at","CAVIN2","8436"
"120","203435_s_at","MME","4311"
"121","1556579_s_at","MED12L","116931"
"123","220065_at","TNMD","64102"
"124","207317_s_at","CASQ2","845"
"126","217504_at","ABCA6","23460"
"128","226286_at","ELMOD3","84173"
"129","235129_at","PPP1R1A","5502"
"130","213644_at","CEP112","201134"
"131","229778_at","SPX","80763"
"132","215918_s_at","SPTBN1","6711"
"133","211792_s_at","CDKN2C","1031"
"134","207302_at","SGCG","6445"
"136","239349_at","C1QTNF7","114905"
"137","228890_at","ATOH8","84913"
"138","230438_at","TBX15","6913"
"139","228104_at","PLXNA4","91584"
"140","232331_at","PPARG","5468"
"142","1560697_at","TRHDE-AS1","283392"
"144","228802_at","RBPMS2","348093"
"146","226911_at","EGFLAM","133584"
"147","235927_at","XPO1","7514"
"148","1557832_at","LINC02996","101926960"
"149","209614_at","ADH1B","125"
"150","239982_at","CLCA4-AS1","105378828"
"152","220357_s_at","SGK2","10110"
"153","222161_at","NAALAD2","10003"
"154","227243_s_at","EBF3","253738"
"155","1555854_at","AKR1C1","1645"
"156","1555854_at","AKR1C2","1646"
"157","1559901_s_at","MIR99AHG","388815"
"158","215039_at","LINC01140","339524"
"160","205610_at","MYOM1","8736"
"161","227178_at","CELF2","10659"
"163","243225_at","FGF14-AS2","283481"
"164","1553583_a_at","THRSP","7069"
"165","238613_at","MAP3K20","51776"
"166","242313_at","MAP4K3-DT","728730"
"167","205289_at","BMP2","650"
"169","209840_s_at","LRRN3","54674"
"171","202178_at","PRKCZ","5590"
"173","1559942_at","MDFIC","29969"
"174","210089_s_at","LAMA4","3910"
"175","221142_s_at","PECR","55825"
"176","209209_s_at","FERMT2","10979"
"177","227281_at","SLC29A4","222962"
"178","238752_at","GPLD1","2822"
"179","214434_at","HSPA12A","259217"
"181","220266_s_at","KLF4","9314"
"182","227333_at","DCUN1D3","123879"
"183","213181_s_at","MOCS1","4337"
"184","228411_at","PARD3B","117583"
"185","235737_at","TSLP","85480"
"186","237413_at","MAPK10","5602"
"187","226304_at","HSPB6","126393"
"188","200606_at","DSP","1832"
"189","222278_at","MYMX","101929726"
"190","205083_at","AOX1","316"
"191","210715_s_at","SPINT2","10653"
"193","228568_at","MYZAP","100820829"
"194","232204_at","EBF1","1879"
"195","219514_at","ANGPTL2","23452"
"199","205384_at","FXYD1","5348"
"200","209663_s_at","ITGA7","3679"
"206","207277_at","CD209","30835"
"207","219054_at","NPR3","4883"
"208","206243_at","TIMP4","7079"
"210","53991_at","DENND2A","27147"
"211","210678_s_at","AGPAT2","10555"
"212","236644_at","RNF180","285671"
"213","244885_at","EBF2","64641"
"214","227561_at","DDR2","4921"
"215","201866_s_at","NR3C1","2908"
"218","1552509_a_at","CD300LG","146894"
"219","1552724_at","RHOXF1","158800"
"220","243813_at","LINC00968","100507632"
"221","217546_at","MT1M","4499"
"222","204419_x_at","HBG2","3048"
"223","239942_at","GNG11","2791"
"224","204018_x_at","HBA1","3039"
"225","204018_x_at","HBA2","3040"
"226","221163_s_at","MLXIPL","51085"
"227","201035_s_at","HADH","3033"
"228","212701_at","TLN2","83660"
"231","225846_at","ESRP1","54845"
"232","203414_at","MMD","23531"
"233","237390_at","ADRA1A","148"
"234","205204_at","NMB","4828"
"235","225977_at","PCDH18","54510"
"239","210746_s_at","EPB42","2038"
"240","205295_at","CKMT2","1160"
"241","221697_at","MAP1LC3C","440738"
"243","203859_s_at","PALM","5064"
"246","243703_x_at","LIPE-AS1","100996307"
"247","243703_x_at","LOC101930071","101930071"
"248","213593_s_at","TRA2A","29896"
"249","223620_at","GPR34","2857"
"251","214449_s_at","RHOQ","23433"
"252","235978_at","FABP4","2167"
"254","213706_at","COX14","84987"
"255","32625_at","NPR1","4881"
"256","211432_s_at","TYRO3","7301"
"258","235051_at","CCDC50","152137"
"259","235279_at","PARVA","55742"
"260","214889_at","FAM149A","25854"
"262","214293_at","SEPTIN11","55752"
"263","235316_at","NAT8L","339983"
"264","201418_s_at","SOX4","6659"
"267","226129_at","SACK1H","286077"
"271","227791_at","SLC9A9","285195"
"272","204154_at","CDO1","1036"
"273","219140_s_at","RBP4","5950"
"276","220437_at","ANGPTL8","55908"
"278","228495_at","GPATCH11","253635"
"281","1558212_at","VLDLR-AS1","401491"
"282","236132_at","TLN1","7094"
"283","215436_at","HSDL2","84263"
"284","232267_at","ADGRD1","283383"
"285","223828_s_at","LGALS12","85329"
"286","229086_at","ZNF436-AS1","148898"
"287","227704_at","C19orf12","83636"
"288","225926_at","VTI1B","10490"
"289","235593_at","ZEB2","9839"
"290","228770_at","GPR146","115330"
"291","229404_at","TWIST2","117581"
"292","1554485_s_at","TMEM37","140738"
"293","215119_at","MYO16","23026"
"296","1554371_at","PKD1L2","114780"
"302","235471_at","VSTM4","196740"
"303","209789_at","CORO2B","10391"
"304","1568779_a_at","ECM2","1842"
"305","1553102_a_at","CCDC69","26112"
"306","225420_at","GPAM","57678"
"307","220141_at","JHY","79864"
"309","227086_at","C22orf39","128977"
"310","228875_at","FAM162B","221303"
"311","213247_at","SVEP1","79987"
"312","219398_at","CIDEC","63924"
"313","207583_at","ABCD2","225"
"314","229309_at","ADRB1","153"
"315","241114_s_at","ACAA2","10449"
"316","219569_s_at","SLC35G2","80723"
"319","225655_at","UHRF1","29128"
"320","1557938_s_at","CAVIN1","284119"
"322","202920_at","ANK2","287"
"323","238835_at","AVPR1A","552"
"324","206701_x_at","EDNRB","1910"
"325","1553961_s_at","SNX21","90203"
"326","239071_at","RBBP4","5928"
"328","208794_s_at","SMARCA4","6597"
"329","218865_at","MTARC1","64757"
"330","241809_at","INKA2","55924"
"331","241809_at","LOC101928718","101928718"
"332","215617_at","SPATS2L","26010"
"334","201286_at","SDC1","6382"
"335","236038_at","RNF150","57484"
"338","201988_s_at","CREBL2","1389"
"339","219230_at","TMEM100","55273"
"340","211922_s_at","CAT","847"
"341","223859_at","EPB41L4B","54566"
"342","204389_at","MAOA","4128"
"343","1556427_s_at","LRRN4CL","221091"
"345","204134_at","PDE2A","5138"
"346","204042_at","WASF3","10810"
"347","203228_at","PAFAH1B3","5050"
"349","214846_s_at","ALPK3","57538"
"351","224458_at","PGAP4","84302"
"354","238549_at","CBFA2T2","9139"
"355","208609_s_at","TNXB","7148"
"356","212224_at","ALDH1A1","216"
"359","203649_s_at","PLA2G2A","5320"
"360","217232_x_at","HBB","3043"
"361","206538_at","MRAS","22808"
"362","230715_at","ZNF518B","85460"
"364","228186_s_at","RSPO3","84870"
"365","241698_at","RFTN2","130132"
"366","223836_at","FGFBP2","83888"
"367","219576_at","MAP7D3","79649"
"369","207071_s_at","ACO1","48"
"370","216048_s_at","RHOBTB3","22836"
"372","238458_at","MICU3","286097"
"373","222513_s_at","SORBS1","10580"
"374","228191_at","FLVCR1","28982"
"376","220032_at","CPED1","79974"
"377","206848_at","HOXA7","3204"
"378","206848_at","COX20","116228"
"379","238488_at","LRRC70","100130733"
"380","238488_at","IPO11","51194"
"383","209086_x_at","MCAM","4162"
"384","204422_s_at","FGF2","2247"
"386","230353_at","MIR497HG","100506755"
"387","205200_at","CLEC3B","7123"
"388","205200_at","EXOSC7","23016"
"390","201839_s_at","EPCAM","4072"
"393","243357_at","NEGR1","257194"
"394","207092_at","LEP","3952"
"395","204848_x_at","HBG1","3047"
"397","203337_x_at","ITGB1BP1","9270"
"398","203713_s_at","LLGL2","3993"
"399","205978_at","KL","9365"
"400","207977_s_at","DPT","1805"
"401","226448_at","FAM89A","375061"
"402","218631_at","AVPI1","60370"
"403","235798_at","TMEM170B","100113407"
"404","204254_s_at","VDR","7421"
"405","223316_at","CCDC3","83643"
"406","228233_at","FREM1","158326"
"410","228855_at","NUDT7","283927"
"412","214066_x_at","NPR2","4882"
"414","209576_at","GNAI1","2770"
"415","219388_at","GRHL2","79977"
"416","238593_at","TOP6BL","79703"
"417","218816_at","LRRC1","55227"
"418","213486_at","COPG2IT1","53844"
"419","205220_at","HCAR3","8843"
"420","231411_at","LHFPL6","10186"
"421","1552721_a_at","FGF1","2246"
"423","230636_s_at","KLF9","687"
"424","224715_at","DYNC2I2","89891"
"425","212727_at","DLG3","1741"
"426","220351_at","ACKR4","51554"
"427","227140_at","INHBA","3624"
"428","228445_at","AIFM2","84883"
"429","203358_s_at","EZH2","2146"
"431","204755_x_at","HLF","3131"
"432","220326_s_at","ARHGEF40","55701"
"435","218625_at","NRN1","51299"
"436","214071_at","GNAL","2774"
"438","231015_at","KLF15","28999"
"439","203662_s_at","TMOD1","7111"
"441","210247_at","SYN2","6854"
"442","205709_s_at","CDS1","1040"
"443","205005_s_at","NMT2","9397"
"445","238081_at","WDFY3-AS2","404201"
"447","240452_at","GSPT1","2935"
"450","209616_s_at","CES1","1066"
"451","209616_s_at","CES1P1","51716"
"453","205960_at","PDK4","5166"
"454","204653_at","TFAP2A","7020"
"455","228501_at","GALNT15","117248"
"458","222380_s_at","PDCD6","10016"
"460","227113_at","ADHFE1","137872"
"462","224964_s_at","GNG2","54331"
"464","201690_s_at","TPD52","7163"
"465","207275_s_at","ACSL1","2180"
"466","231050_at","PLAAT5","117245"
"468","204392_at","CAMK1","8536"
"471","205969_at","AADAC","13"
"472","227000_at","MTURN","222166"
"476","226875_at","DOCK11","139818"
"478","225894_at","SYNPO2","171024"
"479","243501_at","ATP5PB","515"
"480","229241_at","LDHD","197257"
"482","223276_at","SMIM3","85027"
"483","223422_s_at","ARHGAP24","83478"
"484","206163_at","MAB21L1","4081"
"485","206163_at","MIR548F5","100302239"
"486","227699_at","L3HYPDH","112849"
"487","226663_at","ANKRD10","55608"
"488","226663_at","ANKRD10-IT1","100505494"
"489","229357_at","ADAMTS5","11096"
"490","232555_at","CREB5","9586"
"491","218186_at","RAB25","57111"
"493","226627_at","SEPTIN8","23176"
"494","229693_at","TMEM220","388335"
"495","228409_at","PLIN4","729359"
"496","205980_s_at","PRR5","55615"
"497","205980_s_at","ARHGAP8","23779"
"498","205980_s_at","PRR5-ARHGAP8","553158"
"501","203812_at","SLIT3","6586"
"502","238009_at","SOX5","6660"
"503","209542_x_at","IGF1","3479"
"504","214091_s_at","GPX3","2878"
"506","216333_x_at","TNXA","7146"
"507","204183_s_at","GRK3","157"
"508","202525_at","PRSS8","5652"
"509","209220_at","GPC3","2719"
"510","1554062_at","XG","7499"
"512","226303_at","PGM5","5239"
"513","218237_s_at","SLC38A1","81539"
"514","226751_at","CNRIP1","25927"
"515","219395_at","ESRP2","80004"
"517","224881_at","VKORC1L1","154807"
"518","229815_at","TMEM161B-DT","100505894"
"519","202947_s_at","GYPC","2995"
"520","228692_at","PREX2","80243"
"521","205530_at","ETFDH","2110"
"522","205792_at","CCN5","8839"
"523","218651_s_at","LARP6","55323"
"526","225380_at","PKDCC","91461"
"529","212001_at","SUGP2","10147"
"532","210168_at","C6","729"
"533","232298_at","MBNL1-AS1","401093"
"536","236657_at","CRIM1-DT","100288911"
"539","208051_s_at","PAIP1","10605"
"540","209164_s_at","CYB561","1534"
"541","230867_at","COL6A6","131873"
"542","219778_at","ZFPM2","23414"
"544","209686_at","S100B","6285"
"546","202366_at","ACADS","35"
"547","220661_s_at","ZNF692","55657"
"550","240869_at","KCNB1","3745"
"552","209008_x_at","KRT8","3856"
"553","203851_at","IGFBP6","3489"
"556","226152_at","TTC7B","145567"
"557","205913_at","PLIN1","5346"
"558","230332_at","ZCCHC7","84186"
"561","218039_at","NUSAP1","51203"
"562","206159_at","GDF10","2662"
"563","217047_s_at","FAM13A","10144"
"564","226955_at","AFAP1L1","134265"
"567","205222_at","EHHADH","1962"
"570","201596_x_at","KRT18","3875"
"571","219093_at","PID1","55022"
"572","204642_at","S1PR1","1901"
"573","201131_s_at","CDH1","999"
"574","200644_at","MARCKSL1","65108"
"575","224822_at","DLC1","10395"
"576","231947_at","MYCT1","80177"
"577","235141_at","MARVELD2","153562"
"578","228507_at","PDE3A","5139"
"582","235542_at","TET3","200424"
"583","207096_at","SAA4","6291"
"584","235198_at","OSTM1","28962"
"586","211778_s_at","OVOL2","58495"
"588","227312_at","SNTB2","6645"
"589","232165_at","EPPK1","83481"
"591","239093_at","HOGA1","112817"
"592","206170_at","ADRB2","154"
"594","228224_at","PRELP","5549"
"595","209182_s_at","DEPP1","11067"
"596","228268_at","FMO2","2327"
"598","221206_at","PMS2","5395"
"599","221206_at","PMS2CL","441194"
"602","226213_at","ERBB3","2065"
"603","209980_s_at","SHMT1","6470"
"604","210155_at","MYOC","4653"
"605","206876_at","SIM1","6492"
"606","222919_at","TRDN","10345"
"607","224578_at","RCC2","55920"
"609","203282_at","GBE1","2632"
"612","204058_at","ME1","4199"
"614","232662_x_at","PRXL2A","84293"
"615","203548_s_at","LPL","4023"
"616","208350_at","CSN1S1","1446"
"617","221590_s_at","ALDH6A1","4329"
"619","232812_at","EMC3","55831"
"620","218665_at","FZD4","8322"
"621","219976_at","HOOK1","51361"
"622","201890_at","RRM2","6241"
"623","226064_s_at","DGAT2","84649"
"625","232068_s_at","TLR4","7099"
"626","210751_s_at","RGN","9104"
"627","214454_at","ADAMTS2","9509"
"629","203317_at","PSD4","23550"
"633","203395_s_at","HES1","3280"
"634","229991_s_at","SYTL4","94121"
"637","227894_at","WDR90","197335"
"638","212285_s_at","AGRN","375790"
"639","201613_s_at","AP1G2","8906"
"640","222407_s_at","ZNF106","64397"
"641","225940_at","EIF4E3","317649"
"642","201291_s_at","TOP2A","7153"
"643","218730_s_at","OGN","4969"
"646","239185_at","ABCA9","10350"
"647","202193_at","LIMK2","3985"
"648","206737_at","WNT11","7481"
"649","226338_at","PIP4P2","55529"
"650","208079_s_at","AURKA","6790"
"651","202022_at","ALDOC","230"
"653","214004_s_at","VGLL4","9686"
"654","201548_s_at","KDM5B","10765"
"656","226549_at","SBK1","388228"
"658","1554127_s_at","MSRB3","253827"
"659","208190_s_at","LSR","51599"
"660","1558662_s_at","BANK1","55024"
"661","218585_s_at","DTL","51514"
"662","202871_at","TRAF4","9618"
"665","204039_at","CEBPA","1050"
"666","208607_s_at","SAA2","6289"
"667","208607_s_at","SAA1","6288"
"668","208607_s_at","SAA2-SAA4","100528017"
"669","210078_s_at","KCNAB1","7881"
"670","230744_at","FSTL1","11167"
"671","204239_s_at","NNAT","4826"
"673","33322_i_at","SFN","2810"
"674","204796_at","EML1","2009"
"676","243864_at","CCDC80","151887"
"677","213710_s_at","CALM1","801"
"680","230433_at","CNN3-DT","729970"
"681","205577_at","PYGM","5837"
"682","227558_at","CBX4","8535"
"683","203065_s_at","CAV1","857"
"684","228664_at","TRIM52-AS1","100507602"
"686","205560_at","PCSK5","5125"
"688","241359_at","TLCD2","727910"
"689","226569_s_at","CHTF18","63922"
"693","219295_s_at","PCOLCE2","26577"
"694","220416_at","ATP8B4","79895"
"695","221950_at","EMX2","2018"
"697","1552797_s_at","PROM2","150696"
"699","1564164_at","DENND1B","163486"
"700","234312_s_at","ACSS2","55902"
"704","227899_at","VIT","5212"
"707","206488_s_at","CD36","948"
"710","230998_at","CBX3","11335"
"711","226694_at","PALM2AKAP2","445815"
"712","229966_at","EWSR1","2130"
"716","227326_at","MXRA7","439921"
"717","211162_x_at","SCD","6319"
"719","202503_s_at","PCLAF","9768"
"721","213007_at","FANCI","55215"
"722","227126_at","PTPRG","5793"
"723","204570_at","COX7A1","1346"
"724","1554789_a_at","PDE8B","8622"
"725","225301_s_at","MYO5B","4645"
"728","228613_at","RAB11FIP3","9727"
"729","213517_at","PCBP2","5094"
"732","214724_at","DIXDC1","85458"
"733","201718_s_at","EPB41L2","2037"
"734","228573_at","ANTXR2","118429"
"735","202870_s_at","CDC20","991"
"736","219616_at","ACSS3","79611"
"737","209895_at","PTPN11","5781"
"738","1566472_s_at","RETSAT","54884"
"739","227372_s_at","BAIAP2L1","55971"
"740","202784_s_at","NNT","23530"
"742","206102_at","GINS1","9837"
"744","224397_s_at","TMTC1","83857"
"746","266_s_at","CD24","100133941"
"747","226433_at","RNF157","114804"
"749","225467_s_at","RDH13","112724"
"750","213935_at","ABHD5","51099"
"753","205726_at","DIAPH2","1730"
"754","227223_at","RBM39","9584"
"755","234996_at","CALCRL","10203"
"758","34726_at","CACNB3","784"
"759","235183_at","FILIP1","27145"
"761","201697_s_at","DNMT1","1786"
"762","206723_s_at","LPAR2","9170"
"763","203683_s_at","VEGFB","7423"
"765","218970_s_at","CUTC","51076"
"767","221610_s_at","STAP2","55620"
"768","222593_s_at","SPATS2","65244"
"769","219770_at","QTMAN","79712"
"770","218414_s_at","NDE1","54820"
"773","203088_at","FBLN5","10516"
"774","1556667_at","FTCDNL1","348751"
"775","221810_at","RAB15","376267"
"776","205404_at","HSD11B1","3290"
"777","207828_s_at","CENPF","1063"
"778","205480_s_at","UGP2","7360"
"779","205428_s_at","CALB2","794"
"780","65517_at","AP1M2","10053"
"781","209283_at","CRYAB","1410"
"782","205498_at","GHR","2690"
"784","227623_at","CACNA2D1","781"
"785","237515_at","TLCD4","148534"
"790","232327_at","THSD7B","80731"
"792","227492_at","OCLN","100506658"
"793","225630_at","EEPD1","80820"
"794","1555216_a_at","TBX2-AS1","103689912"
"795","229493_at","HOXD-AS2","100506783"
"796","221984_s_at","RETREG2","79137"
"797","218180_s_at","EPS8L2","64787"
"799","205554_s_at","DNASE1L3","1776"
"801","201761_at","MTHFD2","10797"
"802","231031_at","FGF7P3","654466"
"803","203323_at","CAV2","858"
"804","242059_at","ETNK1","55500"
"805","209186_at","ATP2A2","488"
"806","206726_at","HPGDS","27306"
"807","223840_s_at","SPATA9","83890"
"812","225162_at","SH3D19","152503"
"814","219719_at","HIGD1B","51751"
"815","202597_at","IRF6","3664"
"816","209297_at","ITSN1","6453"
"819","205756_s_at","F8","2157"
"821","218779_x_at","EPS8L1","54869"
"822","223253_at","EPDR1","54749"
"823","238642_at","ANKRD13D","338692"
"826","204829_s_at","FOLR2","2350"
"827","217888_s_at","ARFGAP1","55738"
"828","205421_at","SLC22A3","6581"
"830","235885_at","P2RY12","64805"
"832","210202_s_at","BIN1","274"
"833","221523_s_at","RRAGD","58528"
"834","214660_at","ITGA1","3672"
"836","229568_at","MOB3B","79817"
"838","225798_at","JAZF1","221895"
"839","204894_s_at","AOC3","8639"
"840","202005_at","ST14","6768"
"841","224064_s_at","DHDDS","79947"
"842","222809_x_at","CCDC85C","317762"
"843","218852_at","PPP2R3C","55012"
"844","222151_s_at","CEP63","80254"
"845","224605_at","ARLN","401152"
"847","60815_at","POLR2J4","84820"
"849","212845_at","SAMD4A","23034"
"850","209326_at","SLC35A2","7355"
"851","45297_at","EHD2","30846"
"852","218792_s_at","BSPRY","54836"
"853","235318_at","FBN1","2200"
"857","213524_s_at","G0S2","50486"
"858","211711_s_at","PTEN","5728"
"860","226877_at","RPL32P3","132241"
"861","230000_at","RNF213","57674"
"862","219561_at","COPZ2","51226"
"863","228584_at","SGCB","6443"
"864","235515_at","SYNE4","163183"
"867","212858_at","PAQR4","124222"
"868","202421_at","IGSF3","3321"
"869","216044_x_at","DIPK1A","388650"
"870","226484_at","ZBTB47","92999"
"871","208837_at","TMED3","23423"
"872","213765_at","MFAP5","8076"
"873","212695_at","CRY2","1408"
"875","202468_s_at","CTNNAL1","8727"
"876","222651_s_at","TRPS1","7227"
"877","204844_at","ENPEP","2028"
"878","236918_s_at","LRRC34","151827"
"879","235282_at","SP2-DT","102724532"
"880","225562_at","RASA3","22821"
"882","220751_s_at","FAXDC2","10826"
"884","208623_s_at","EZR","7430"
"886","228376_at","GGTA1","2681"
"887","235349_at","RMDN2","151393"
"889","226657_at","NATD1","256302"
"891","1555842_at","CYTH2","9266"
"892","235497_at","LINC01128","643837"
"893","235228_at","CCDC85A","114800"
"894","243318_at","DCAF8","50717"
"895","201428_at","CLDN4","1364"
"901","207400_at","NPY5R","4889"
"902","243496_at","RAB18","22931"
"904","235962_at","AZI2","64343"
"906","211749_s_at","VAMP3","9341"
"907","228109_at","RASGRF2","5924"
"908","220016_at","AHNAK","79026"
"909","219563_at","SYNE3","161176"
"910","231118_at","ANKRD35","148741"
"911","1557384_at","ZNF131","7690"
"912","234018_s_at","SEL1L2","80343"
"913","241484_x_at","FRG1CP","100289097"
"914","201650_at","KRT19","3880"
"917","224061_at","INMT","11185"
"919","212384_at","DDX39B","7919"
"920","212384_at","ATP6V1G2-DDX39B","100532737"
"923","216080_s_at","FADS3","3995"
"925","210145_at","PLA2G4A","5321"
"926","202930_s_at","SUCLA2","8803"
"927","221479_s_at","BNIP3L","665"
"928","202220_at","KHDC4","22889"
"929","224746_at","NHSL3","57648"
"930","228011_at","CIBAR1","137392"
"933","209493_at","PDZD2","23037"
"934","210059_s_at","MAPK13","5603"
"935","236600_at","SPART","23111"
"936","202023_at","EFNA1","1942"
"937","222036_s_at","MCM4","4173"
"938","239350_at","MARVELD3","91862"
"939","225950_at","SAMD8","142891"
"941","203986_at","STBD1","8987"
"942","203986_at","FAM47E-STBD1","100631383"
"946","200999_s_at","CKAP4","10970"
"947","223284_at","NAT14","57106"
"948","204026_s_at","ZWINT","11130"
"950","228729_at","CCNB1","891"
"953","210544_s_at","ALDH3A2","224"
"955","202723_s_at","FOXO1","2308"
"958","226855_at","PDP2","57546"
"960","243589_at","KANSL1","284058"
"962","205304_s_at","KCNJ8","3764"
"963","219332_at","MICALL2","79778"
"964","223087_at","ECHDC1","55862"
"967","230395_at","METTL9","51108"
"968","213577_at","SQLE","6713"
"971","213343_s_at","GDPD5","81544"
"972","224762_at","SERINC2","347735"
"973","208456_s_at","RRAS2","22800"
"974","239265_at","SLC35G1","159371"
"975","203400_s_at","TF","7018"
"979","227134_at","SYTL1","84958"
"980","203305_at","F13A1","2162"
"982","244070_at","SYNE1","23345"
"984","206637_at","P2RY14","9934"
"986","205231_s_at","EPM2A","7957"
"987","223266_at","STRADB","55437"
"988","1556053_at","DNAJC7","7266"
"989","215269_at","TRAPPC10","7109"
"991","41660_at","CELSR1","9620"
"992","222537_s_at","CDC42SE1","56882"
"993","217525_at","OLFML1","283298"
"994","227336_at","DTX1","1840"
"997","223595_at","ARHGAP42","143872"
"998","212473_s_at","MICAL2","9645"
"1001","1557458_s_at","SHB","6461"
"1002","1554464_a_at","CRTAP","10491"
"1004","204719_at","ABCA8","10351"
"1008","231998_at","SART1","9092"
"1009","225864_at","LRATD2","157638"
"1011","213150_at","HOXA10","3206"
"1012","205715_at","BST1","683"
"1014","223356_s_at","MTIF3","219402"
"1016","227705_at","TCEAL7","56849"
"1017","230494_at","SLC20A1","6574"
"1019","204112_s_at","HNMT","3176"
"1020","241986_at","BMPER","168667"
"1021","202726_at","LIG1","3978"
"1022","223333_s_at","ANGPTL4","51129"
"1024","209683_at","CYRIA","81553"
"1028","232136_s_at","CTTNBP2","83992"
"1029","223300_s_at","CCDC82","79780"
"1030","235060_at","LOC100190986","100190986"
"1032","241751_at","OFD1","8481"
"1033","203010_at","STAT5A","6776"
"1035","204438_at","MRC1","4360"
"1036","227006_at","PPP1R14A","94274"
"1037","205339_at","STIL","6491"
"1038","242560_at","FANCD2","2177"
"1040","202990_at","PYGL","5836"
"1042","209763_at","CHRDL1","91851"
"1043","1554595_at","SYMPK","8189"
"1044","226550_at","SLC9A7","84679"
"1045","239246_at","FARP1","10160"
"1046","213237_at","KNOP1","400506"
"1047","204476_s_at","PC","5091"
"1048","205345_at","BARD1","580"
"1050","220176_at","NUBPL","80224"
"1052","226403_at","TMC4","147798"
"1053","204591_at","CHL1","10752"
"1054","201177_s_at","UBA2","10054"
"1056","213700_s_at","PKM","5315"
"1057","235360_at","PLEKHM3","389072"
"1058","205034_at","CCNE2","9134"
"1059","226808_at","ZNF862","643641"
"1062","209496_at","RARRES2","5919"
"1063","218723_s_at","RGCC","28984"
"1064","230885_at","SPG7","6687"
"1066","230058_at","ENTR1","10807"
"1068","218883_s_at","CENPU","79682"
"1069","236841_at","WASHC1","100287171"
"1070","202426_s_at","RXRA","6256"
"1071","228730_s_at","SCRN2","90507"
"1072","202107_s_at","MCM2","4171"
"1073","206481_s_at","LDB2","9079"
"1075","209360_s_at","RUNX1","861"
"1076","209360_s_at","LOC100506403","100506403"
"1078","222494_at","FOXN3","1112"
"1079","1554741_s_at","FGF7P6","387628"
"1080","1554741_s_at","FGF7","2252"
"1084","226402_at","CYP2U1","113612"
"1086","229497_at","ANKDD1A","348094"
"1087","208779_x_at","DDR1","780"
"1090","203769_s_at","STS","412"
"1091","242354_at","SPINT1-AS1","102724362"
"1092","227647_at","KCNE3","10008"
"1093","202071_at","SDC4","6385"
"1094","1552789_at","SEC62","7095"
"1095","202286_s_at","TACSTD2","4070"
"1097","1557116_at","APOL6","80830"
"1100","217492_s_at","PTENP1","11191"
"1102","202826_at","SPINT1","6692"
"1103","225150_s_at","RTKN","6242"
"1104","233595_at","USP34","9736"
"1107","208868_s_at","GABARAPL1","23710"
"1108","231963_at","ANKRD33B","651746"
"1109","221899_at","N4BP2L2","10443"
"1111","221521_s_at","GINS2","51659"
"1113","218024_at","MPC1","51660"
"1115","1559038_at","SEPTIN2","4735"
"1116","239243_at","ZNF638","27332"
"1118","201706_s_at","PEX19","5824"
"1119","230256_at","RUSC1-AS1","284618"
"1122","229292_at","EPB41L5","57669"
"1124","209147_s_at","PLPP1","8611"
"1126","213309_at","PLCL2","23228"
"1127","218901_at","PLSCR4","57088"
"1128","236359_at","SCN4B","6330"
"1130","202502_at","ACADM","34"
"1131","209075_s_at","ISCU","23479"
"1132","209550_at","NDN","4692"
"1133","242918_at","NASP","4678"
"1134","203123_s_at","SLC11A2","4891"
"1135","201340_s_at","ENC1","8507"
"1137","225822_at","TMEM125","128218"
"1138","1555878_at","RPS24","6229"
"1140","213909_at","LRRC15","131578"
"1144","205883_at","ZBTB16","7704"
"1146","229538_s_at","IQGAP3","128239"
"1147","201785_at","RNASE1","6035"
"1149","218849_s_at","PPP1R13L","10848"
"1150","223232_s_at","CGN","57530"
"1151","203680_at","PRKAR2B","5577"
"1153","1553986_at","RASEF","158158"
"1154","213317_at","CLIC5","53405"
"1155","204963_at","SSPN","8082"
"1158","204227_s_at","TK2","7084"
"1159","1552622_s_at","PMS2P5","5383"
"1160","1552622_s_at","POLR2J2","246721"
"1161","1552622_s_at","PMS2P13","441259"
"1162","1552622_s_at","POLR2J3","548644"
"1163","211026_s_at","MGLL","11343"
"1165","201931_at","ETFA","2108"
"1168","213715_s_at","KANK3","256949"
"1172","212713_at","MFAP4","4239"
"1174","241789_at","RBMS3","27303"
"1175","221973_at","LOC100506076","100506076"
"1176","221973_at","APPAT","100506123"
"1177","218807_at","VAV3","10451"
"1178","212492_s_at","KDM4B","23030"
"1181","55872_at","UCKL1","54963"
"1182","55872_at","ZNF512B","57473"
"1183","37892_at","COL11A1","1301"
"1186","226405_s_at","ARRDC1","92714"
"1187","235926_at","ANAPC5","51433"
"1188","232489_at","TRMT13","54482"
"1191","229063_s_at","CCDC107","203260"
"1193","203744_at","HMGB3","3149"
"1194","1554455_at","LINS1","55180"
"1198","222209_s_at","TMEM135","65084"
"1199","217734_s_at","WDR6","11180"
"1200","239179_at","CAMK2G","818"
"1201","228885_at","MAMDC2","256691"
"1203","209005_at","FBXL5","26234"
"1204","223082_at","SH3KBP1","30011"
"1207","215241_at","ANO3","63982"
"1210","219427_at","FAT4","79633"
"1211","213905_x_at","BGN","633"
"1212","201510_at","ELF3","1999"
"1219","228303_at","GALNT6","11226"
"1220","204093_at","CCNH","902"
"1221","222640_at","DNMT3A","1788"
"1222","208658_at","PDIA4","9601"
"1223","212793_at","DAAM2","23500"
"1224","236007_at","AKAP10","11216"
"1225","212115_at","JPT2","90861"
"1226","226670_s_at","PABPC1L","80336"
"1228","227350_at","HELLS","3070"
"1230","241470_x_at","RASSF9","9182"
"1232","232322_x_at","STARD10","10809"
"1233","203562_at","FEZ1","9638"
"1234","222156_x_at","CCPG1","9236"
"1235","222156_x_at","DNAAF4-CCPG1","100533483"
"1236","219981_x_at","ZNF587","84914"
"1237","202432_at","PPP3CB","5532"
"1238","224906_at","ANO6","196527"
"1239","206201_s_at","MEOX2","4223"
"1240","228438_at","MSC-AS1","100132891"
"1242","242888_at","PRRT3-AS1","100874032"
"1246","225531_at","CABLES1","91768"
"1247","202464_s_at","PFKFB3","5209"
"1248","201015_s_at","JUP","3728"
"1249","209160_at","AKR1C3","8644"
"1250","208781_x_at","SNX3","8724"
"1252","226455_at","CREB3L4","148327"
"1255","218999_at","TMEM140","55281"
"1256","237943_at","TMCC1","23023"
"1259","225548_at","SHROOM3","57619"
"1261","212521_s_at","PDE8A","5151"
"1264","221732_at","CANT1","124583"
"1265","223465_at","CERT1","10087"
"1268","202590_s_at","PDK2","5164"
"1269","45288_at","ABHD6","57406"
"1270","213388_at","PDE4DIP","9659"
"1271","213927_at","MAP3K9","4293"
"1272","229994_at","NFIA","4774"
"1273","212295_s_at","SLC7A1","6541"
"1277","200978_at","MDH1","4190"
"1278","222416_at","ALDH18A1","5832"
"1280","210564_x_at","CFLAR","8837"
"1283","203658_at","SLC25A20","788"
"1285","203216_s_at","MYO6","4646"
"1287","213693_s_at","MUC1","4582"
"1288","211776_s_at","EPB41L3","23136"
"1289","210150_s_at","LAMA5","3911"
"1291","212758_s_at","ZEB1","6935"
"1292","213308_at","SHANK2","22941"
"1294","210075_at","MARCHF2","51257"
"1295","200910_at","CCT3","7203"
"1296","238909_at","S100A10","6281"
"1298","212530_at","NEK7","140609"
"1300","238504_at","SDHAF4","135154"
"1302","205908_s_at","OMD","4958"
"1303","201425_at","ALDH2","217"
"1304","201561_s_at","CLSTN1","22883"
"1305","225777_at","SAPCD2","89958"
"1307","35148_at","TJP3","27134"
"1309","231835_at","PRXL2B","127281"
"1311","242146_at","SNRPA1","6627"
"1313","235333_at","B4GALT6","9331"
"1314","217871_s_at","MIF","4282"
"1315","202894_at","EPHB4","2050"
"1317","218009_s_at","PRC1","9055"
"1318","212400_at","EEIG1","399665"
"1319","226566_at","TRIM11","81559"
"1324","223019_at","NIBAN2","64855"
"1327","212486_s_at","FYN","2534"
"1328","232235_at","DSEL","92126"
"1331","222603_at","ERMP1","79956"
"1332","228249_at","IFTAP","119710"
"1334","231919_at","DBT","1629"
"1335","219523_s_at","TENM3","55714"
"1336","1560060_s_at","VPS37C","55048"
"1338","235005_at","DIS3L","115752"
"1343","228156_at","ZNF782","158431"
"1346","218151_x_at","SLC52A2","79581"
"1347","225305_at","SLC25A29","123096"
"1349","205932_s_at","MSX1","4487"
"1352","240214_at","RWDD1","51389"
"1353","240214_at","RSPH4A","345895"
"1354","205412_at","ACAT1","38"
"1355","204826_at","CCNF","899"
"1357","207175_at","ADIPOQ","9370"
"1358","203908_at","SLC4A4","8671"
"1360","224357_s_at","MS4A4A","51338"
"1362","200959_at","FUS","2521"
"1363","221556_at","CDC14B","8555"
"1365","207016_s_at","ALDH1A2","8854"
"1367","230077_at","SDHA","6389"
"1368","230077_at","SDHAP4","220729"
"1369","230077_at","SDHAP1","255812"
"1370","230077_at","SDHAP2","727956"
"1371","213085_s_at","WWC1","23286"
"1372","219298_at","ECHDC3","79746"
"1374","203422_at","POLD1","5424"
"1375","212631_at","STX7","8417"
"1376","202954_at","UBE2C","11065"
"1377","1552309_a_at","NEXN","91624"
"1378","209433_s_at","PPAT","5471"
"1381","1555274_a_at","SELENOI","85465"
"1383","217428_s_at","COL10A1","1300"
"1385","74694_s_at","RABEP2","79874"
"1387","202345_s_at","FABP5","2171"
"1388","233020_at","SEC22B","9554"
"1389","213281_at","JUN","3725"
"1390","227678_at","ATP23","91419"
"1392","230005_at","SVIP","258010"
"1393","243386_at","CASZ1","54897"
"1396","203505_at","ABCA1","19"
"1397","235095_at","BICDL2","146439"
"1398","212809_at","NFATC2IP","84901"
"1399","205158_at","RNASE4","6038"
"1400","222018_at","NACA","4666"
"1401","209869_at","ADRA2A","150"
"1402","236696_at","U2SURP","23350"
"1403","242550_at","EIF3B","8662"
"1407","214802_at","EXOC7","23265"
"1408","204170_s_at","CKS2","1164"
"1409","1552610_a_at","JAK1","3716"
"1410","223467_at","RASD1","51655"
"1411","203016_s_at","SSX2IP","117178"
"1412","222608_s_at","ANLN","54443"
"1413","1554966_a_at","FILIP1L","11259"
"1416","219689_at","SEMA3G","56920"
"1418","223307_at","CDCA3","83461"
"1419","203213_at","CDK1","983"
"1420","226803_at","CHMP4C","92421"
"1423","226552_at","IER5L","389792"
"1424","218677_at","S100A14","57402"
"1426","210835_s_at","CTBP2","1488"
"1427","202796_at","SYNPO","11346"
"1428","238880_at","GTF3A","2971"
"1429","201631_s_at","IER3","8870"
"1430","214030_at","CRYBG3","131544"
"1432","239433_at","LRRC8E","80131"
"1433","204424_s_at","LMO3","55885"
"1435","225224_at","NOL4L","140688"
"1438","200895_s_at","FKBP4","2288"
"1439","236075_s_at","ZNF232-AS1","101928000"
"1441","229765_at","ZNF207","7756"
"1442","230435_at","FAM228B","375190"
"1444","203554_x_at","PTTG1","9232"
"1445","239710_at","FIGN","55137"
"1447","220940_at","ANKRD36B","57730"
"1448","1568629_s_at","PIK3R2","5296"
"1449","201531_at","ZFP36","7538"
"1452","212111_at","STX12","23673"
"1454","207075_at","NLRP3","114548"
"1455","203261_at","DCTN6","10671"
"1457","231955_s_at","HIBADH","11112"
"1458","229899_s_at","ZFAS1","441951"
"1459","228325_at","SPIDR","23514"
"1462","222668_at","KCTD15","79047"
"1464","40665_at","FMO3","2328"
"1465","207196_s_at","TNIP1","10318"
"1468","210839_s_at","ENPP2","5168"
"1469","203766_s_at","LMOD1","25802"
"1471","238513_at","PRRG4","79056"
"1472","1556060_a_at","ZNF451","26036"
"1473","230424_at","NREP","9315"
"1475","218876_at","TPPP3","51673"
"1486","203329_at","PTPRM","5797"
"1487","232046_at","KIAA1217","56243"
"1490","202026_at","SDHD","6392"
"1491","227466_at","FAM200B","285550"
"1493","229754_at","TMEM44-AS1","100507297"
"1494","1554690_a_at","TACC1","6867"
"1502","204955_at","SRPX","8406"
"1503","223494_at","OGA","10724"
"1504","205116_at","LAMA2","3908"
"1505","228724_at","TTLL7","79739"
"1506","214110_s_at","LSP1P5","645166"
"1507","214110_s_at","LSP1P4","654342"
"1508","214110_s_at","LINC02802","100996732"
"1509","226380_at","PTPN21","11099"
"1510","202589_at","TYMS","7298"
"1511","202481_at","DHRS3","9249"
"1513","241428_x_at","TCEA2","6919"
"1516","203897_at","LYRM1","57149"
"1517","230449_x_at","VPS13B-DT","105375666"
"1519","238807_at","ANKRD46","157567"
"1520","238807_at","GAPDHP62","100128961"
"1521","202489_s_at","FXYD3","5349"
"1522","209431_s_at","PATZ1","23598"
"1523","203954_x_at","CLDN3","1365"
"1524","219643_at","LRP1B","53353"
"1527","209894_at","LEPR","3953"
"1528","1554565_x_at","SPPL3","121665"
"1530","209821_at","IL33","90865"
"1533","227727_at","MRGPRF","116535"
"1536","223484_at","COXFA4L3","84419"
"1537","211981_at","COL4A1","1282"
"1539","224414_s_at","CARD6","84674"
"1540","218145_at","TRIB3","57761"
"1541","203571_s_at","ADIRF","10974"
"1542","230097_at","GART","2618"
"1543","203878_s_at","MMP11","4320"
"1545","219787_s_at","ECT2","1894"
"1546","228160_at","LINC00667","339290"
"1551","227517_s_at","GAS5","60674"
"1552","209558_s_at","HIP1R","9026"
"1553","220948_s_at","ATP1A1","476"
"1555","228967_at","EIF1","10209"
"1556","209604_s_at","GATA3","2625"
"1558","234725_s_at","SEMA4B","10509"
"1559","208988_at","KDM2A","22992"
"1562","208848_at","ADH5","128"
"1563","239657_x_at","FOXO6","100132074"
"1566","232529_at","SP3","6670"
"1568","228108_at","PPM1L","151742"
"1569","228697_at","HINT3","135114"
"1570","201088_at","KPNA2","3838"
"1571","218946_at","NFU1","27247"
"1572","209090_s_at","SH3GLB1","51100"
"1577","32811_at","MYO1C","4641"
"1578","205774_at","F12","2161"
"1579","202528_at","GALE","2582"
"1580","57516_at","ZNF764","92595"
"1581","241745_at","EPM2A-DT","100507557"
"1582","236728_at","LNPEP","4012"
"1583","216211_at","TASOR2","54906"
"1584","230270_at","PRPF38B","55119"
"1585","229796_at","SIX4","51804"
"1586","202780_at","OXCT1","5019"
"1588","204641_at","NEK2","4751"
"1589","35666_at","SEMA3F","6405"
"1592","200844_s_at","PRDX6","9588"
"1595","203298_s_at","JARID2","3720"
"1596","212549_at","STAT5B","6777"
"1597","216894_x_at","CDKN1C","1028"
"1598","235476_at","TRIM59","286827"
"1599","227196_at","RHPN2","85415"
"1600","229665_at","CSTF3","1479"
"1601","224707_at","CYSTM1","84418"
"1603","225001_at","RAB3D","9545"
"1606","230561_s_at","KANSL1L","151050"
"1611","65718_at","ADGRA2","25960"
"1613","205107_s_at","EFNA4","1945"
"1614","218984_at","PUS7","54517"
"1617","226584_s_at","FAM110A","83541"
"1618","209529_at","PLPP2","8612"
"1619","236313_at","CDKN2B","1030"
"1621","239392_s_at","POGK","57645"
"1623","225412_at","TMEM87B","84910"
"1624","36936_at","GFUS","7264"
"1625","212647_at","RRAS","6237"
"1628","202283_at","SERPINF1","5176"
"1629","228058_at","ZG16B","124220"
"1631","35671_at","GTF3C1","2975"
"1632","229127_at","JAM2","58494"
"1633","205382_s_at","CFD","1675"
"1634","239587_at","TLR3","7098"
"1635","217943_s_at","MAP7D1","55700"
"1636","204865_at","CA3","761"
"1637","229638_at","IRX3","79191"
"1638","230925_at","APBB1IP","54518"
"1640","202982_s_at","ACOT2","10965"
"1641","202982_s_at","ACOT1","641371"
"1642","218451_at","CDCP1","64866"
"1643","208396_s_at","PDE1A","5136"
"1645","240890_at","CASP4LP","643733"
"1646","225240_s_at","MSI2","124540"
"1647","215599_at","GUSBP14","11039"
"1648","215599_at","GUSBP3","653188"
"1650","202181_at","SUSD6","9766"
"1651","238066_at","RBP7","116362"
"1652","201072_s_at","SMARCC1","6599"
"1653","202912_at","ADM","133"
"1657","203476_at","TPBG","7162"
"1659","202309_at","MTHFD1","4522"
"1661","235152_at","FAM111A-DT","101927204"
"1662","208829_at","TAPBP","6892"
"1664","224911_s_at","DCBLD2","131566"
"1665","235094_at","TPM4","7171"
"1668","205407_at","RECK","8434"
"1669","202113_s_at","SNX2","6643"
"1670","203917_at","CXADR","1525"
"1671","232216_at","YME1L1","10730"
"1673","208930_s_at","ILF3","3609"
"1674","225816_at","JADE1","79960"
"1679","201426_s_at","VIM","7431"
"1681","223269_at","POLR3GL","84265"
"1683","224151_s_at","AK3","50808"
"1684","200979_at","PDHA1","5160"
"1688","218168_s_at","COQ8A","56997"
"1689","205880_at","PRKD1","5587"
"1690","237107_at","PRKRA","8575"
"1694","222039_at","KIF18B","146909"
"1695","209179_s_at","MBOAT7","79143"
"1696","214033_at","ABCC6","368"
"1697","214033_at","ABCC6P1","653190"
"1698","214033_at","ABCC6P2","730013"
"1699","206363_at","MAF","4094"
"1700","205392_s_at","CCL14","6358"
"1701","205392_s_at","CCL15-CCL14","348249"
"1706","201563_at","SORD","6652"
"1707","203453_at","SCNN1A","6337"
"1708","227874_at","EMCN","51705"
"1710","227884_at","TAF15","8148"
"1712","201968_s_at","PGM1","5236"
"1713","221989_at","RPL10","6134"
"1714","213800_at","CFH","3075"
"1715","202338_at","TK1","7083"
"1716","225947_at","MYO19","80179"
"1717","1569868_s_at","EME2","197342"
"1718","218834_s_at","TMEM132A","54972"
"1719","217979_at","TSPAN13","27075"
"1720","203429_s_at","SUCO","51430"
"1722","203845_at","KAT2B","8850"
"1723","226032_at","CASP2","835"
"1724","219105_x_at","ORC6","23594"
"1725","241455_at","C6orf132","647024"
"1726","225786_at","HNRNPU","3192"
"1728","219825_at","CYP26B1","56603"
"1730","231235_at","NKTR","4820"
"1731","225418_at","NECTIN2","5819"
"1734","201013_s_at","PAICS","10606"
"1736","46665_at","SEMA4C","54910"
"1741","230175_s_at","ST3GAL6","10402"
"1743","227629_at","PRLR","5618"
"1745","213791_at","PENK","5179"
"1746","203961_at","NEBL","10529"
"1747","212494_at","TNS2","23371"
"1748","225590_at","SH3RF1","57630"
"1749","238577_s_at","TSHZ2","128553"
"1750","230229_at","DLG1","1739"
"1751","236816_at","NAA25","80018"
"1753","212230_at","PLPP3","8613"
"1755","226425_at","CLIP4","79745"
"1757","205771_s_at","AKAP7","9465"
"1758","238070_at","CHD1L","9557"
"1759","231311_at","SPTBN2","6712"
"1761","223895_s_at","EPN3","55040"
"1762","218755_at","KIF20A","10112"
"1764","201896_s_at","PSRC1","84722"
"1765","226143_at","RAI1","10743"
"1767","241762_at","FBXO32","114907"
"1768","227641_at","FBXL16","146330"
"1769","203276_at","LMNB1","4001"
"1770","212977_at","ACKR3","57007"
"1771","202705_at","CCNB2","9133"
"1772","212281_s_at","TMEM97","27346"
"1774","201861_s_at","LRRFIP1","9208"
"1775","233011_at","ANXA1","301"
"1778","209822_s_at","VLDLR","7436"
"1779","229691_at","ZBTB42","100128927"
"1781","202942_at","ETFB","2109"
"1783","228323_at","KNL1","57082"
"1784","219025_at","CD248","57124"
"1785","229504_at","RAB23","51715"
"1786","220602_s_at","GOLGA2P10","80154"
"1787","220602_s_at","GOLGA2P7","388152"
"1788","220602_s_at","LOC727751","727751"
"1789","220602_s_at","LOC102724135","102724135"
"1790","202447_at","DECR1","1666"
"1791","222396_at","JPT1","51155"
"1793","204825_at","MELK","9833"
"1795","204798_at","MYB","4602"
"1796","33132_at","CPSF1","29894"
"1797","202935_s_at","SOX9","6662"
"1802","206702_at","TEK","7010"
"1803","208451_s_at","C4A","720"
"1804","208451_s_at","C4B","721"
"1805","208451_s_at","C4B_2","100293534"
"1806","213661_at","PAMR1","25891"
"1808","231991_at","CCM2L","140706"
"1809","225485_at","CEP41","95681"
"1810","230408_at","PCGF3","10336"
"1811","200878_at","EPAS1","2034"
"1812","229599_at","SMIM22","440335"
"1814","218440_at","MCCC1","56922"
"1815","232510_s_at","DPP3","10072"
"1817","213413_at","STON1","11037"
"1819","228879_at","SNORD104","692227"
"1820","228879_at","SNHG25","105376843"
"1821","235112_at","KIAA1958","158405"
"1822","1556277_a_at","TENT2","167153"
"1825","204482_at","CLDN5","7122"
"1827","201702_s_at","PPP1R10","5514"
"1830","226796_at","ABHD15","116236"
"1832","225898_at","WDR54","84058"
"1834","232238_at","ASPM","259266"
"1835","213703_at","LINC00342","150759"
"1839","235938_at","ARMC9","80210"
"1841","228434_at","BTNL9","153579"
"1842","213627_at","MAGED2","10916"
"1843","225016_at","APCDD1","147495"
"1844","212646_at","RFTN1","23180"
"1845","214012_at","ERAP1","51752"
"1846","208131_s_at","PTGIS","5740"
"1849","200770_s_at","LAMC1","3915"
"1852","203717_at","DPP4","1803"
"1853","230550_at","MS4A6A","64231"
"1857","229657_at","THRB","7068"
"1858","210135_s_at","SHOX2","6474"
"1859","207233_s_at","MITF","4286"
"1861","238412_at","RRN3P3","100131998"
"1862","226659_at","DEF6","50619"
"1863","243618_s_at","ZNF827","152485"
"1865","212556_at","SCRIB","23513"
"1866","219450_at","PGCKA1","55286"
"1868","231106_at","BMS1P2","642826"
"1870","219583_s_at","SPATA7","55812"
"1871","213006_at","CEBPD","1052"
"1872","205713_s_at","COMP","1311"
"1875","224596_at","SLC44A1","23446"
"1877","212599_at","AUTS2","26053"
"1879","219134_at","ADGRL4","64123"
"1880","230792_at","FAAH2","158584"
"1881","208613_s_at","FLNB","2317"
"1882","227911_at","ARHGAP28","79822"
"1883","212653_s_at","EHBP1","23301"
"1885","206167_s_at","ARHGAP6","395"
"1887","222606_at","ZWILCH","55055"
"1888","213110_s_at","COL4A5","1287"
"1889","222077_s_at","RACGAP1","29127"
"1890","209581_at","PLAAT3","11145"
"1893","213653_at","METTL3","56339"
"1894","218394_at","ROGDI","79641"
"1895","201189_s_at","ITPR3","3710"
"1896","204303_s_at","CTIF","9811"
"1897","216682_s_at","SUPT20H","55578"
"1898","218689_at","FANCF","2188"
"1899","215123_at","NPIPB3","23117"
"1900","215123_at","NPIPB4","440345"
"1901","215123_at","NPIPA3","642778"
"1902","215123_at","NPIPA2","642799"
"1903","215123_at","NPIPB11","728888"
"1904","215123_at","NPIPB5","100132247"
"1905","204537_s_at","GABRE","2564"
"1906","221963_x_at","ZNF587B","100293516"
"1907","226899_at","UNC5B","219699"
"1908","222040_at","HNRNPA1","3178"
"1909","230730_at","SGCD","6444"
"1910","204005_s_at","PAWR","5074"
"1912","202800_at","SLC1A3","6507"
"1913","223206_s_at","NMRAL1","57407"
"1914","213520_at","RECQL4","9401"
"1915","238444_at","ZNF618","114991"
"1917","219874_at","SLC12A8","84561"
"1918","227420_at","TNFAIP8L1","126282"
"1919","235266_at","ATAD2","29028"
"1920","210694_s_at","ZNF514","84874"
"1925","244766_at","SMG1","23049"
"1927","244766_at","SMG1P2","440354"
"1928","244766_at","SMG1P5","595101"
"1929","244766_at","SMG1P1","641298"
"1931","244766_at","SMG1P3","100271836"
"1932","244766_at","SMG1P7","100506060"
"1933","224764_at","ARHGAP21","57584"
"1934","219296_at","ZDHHC13","54503"
"1935","226280_at","BNIP2","663"
"1937","227713_at","KATNAL1","84056"
"1939","202768_at","FOSB","2354"
"1943","203755_at","BUB1B","701"
"1944","203064_s_at","FOXK2","3607"
"1947","207711_at","MTCL2","140710"
"1950","209911_x_at","H2BC5","3017"
"1951","232030_at","EPG5","57724"
"1954","1557961_s_at","C8orf88","100127983"
"1955","210644_s_at","LAIR1","3903"
"1956","1558290_a_at","PVT1","5820"
"1958","235165_at","PARD6B","84612"
"1959","225810_at","MTMR10","54893"
"1960","223681_s_at","PATJ","10207"
"1961","207761_s_at","TMT1A","25840"
"1962","220954_s_at","PILRB","29990"
"1963","220954_s_at","STAG3L5P-PVRIG2P-PILRB","101752399"
"1964","202747_s_at","ITM2A","9452"
"1965","1559496_at","PPA2","27068"
"1967","1552536_at","VTI1A","143187"
"1968","1555372_at","BCL2L11","10018"
"1970","205259_at","NR3C2","4306"
"1972","231899_at","ZC3H12C","85463"
"1974","202719_s_at","TES","26136"
"1976","220477_s_at","TMEM230","29058"
"1978","204759_at","RCBTB2","1102"
"1979","218966_at","MYO5C","55930"
"1980","229802_at","CCN4","8840"
"1981","220147_s_at","SINHCAF","58516"
"1983","221031_s_at","APOLD1","81575"
"1984","205286_at","TFAP2C","7022"
"1985","228273_at","PRR11","55771"
"1986","223605_at","SLC25A18","83733"
"1988","203799_at","CD302","9936"
"1989","203799_at","LY75-CD302","100526664"
"1990","209408_at","KIF2C","11004"
"1991","230560_at","STXBP6","29091"
"1994","213947_s_at","NUP210","23225"
"1995","231040_at","RORB","6096"
"1996","225972_at","TMEM64","169200"
"1997","205752_s_at","GSTM5","2949"
"1998","205207_at","IL6","3569"
"1999","219562_at","RAB26","25837"
"2000","1553292_s_at","RSKR","124923"
"2001","206833_s_at","ACYP2","98"
"2004","1557289_s_at","GTF2IRD2","84163"
"2005","1557289_s_at","GTF2IRD2B","389524"
"2006","227059_at","GPC6","10082"
"2009","235199_at","RNF125","54941"
"2010","225575_at","LIFR","3977"
"2011","225093_at","UTRN","7402"
"2013","235217_at","LINC01004","100216546"
"2014","225314_at","OCIAD2","132299"
"2015","231406_at","ORAI2","80228"
"2016","205542_at","STEAP1","26872"
"2017","207980_s_at","CITED2","10370"
"2018","209732_at","CLEC2B","9976"
"2019","207165_at","HMMR","3161"
"2020","209687_at","CXCL12","6387"
"2021","230389_at","FNBP1","23048"
"2022","219127_at","PRR15L","79170"
"2024","223471_at","RAB3IP","117177"
"2025","217716_s_at","SEC61A1","29927"
"2026","227074_at","CCDC18-AS1","100131564"
"2028","218750_at","TAF1D","79101"
"2030","212070_at","ADGRG1","9289"
"2033","201664_at","SMC4","10051"
"2034","244881_at","LMLN","89782"
"2036","203147_s_at","TRIM14","9830"
"2038","201693_s_at","EGR1","1958"
"2040","36545_s_at","SFI1","9814"
"2041","201279_s_at","DAB2","1601"
"2046","229553_at","PGM2L1","283209"
"2047","229513_at","STRBP","55342"
"2048","1557948_at","PHLDB3","653583"
"2051","201349_at","NHERF1","9368"
"2053","227334_at","USP54","159195"
"2054","228698_at","SOX7","83595"
"2055","204822_at","TTK","7272"
"2056","229396_at","OVOL1","5017"
"2057","226726_at","MBOAT2","129642"
"2060","205193_at","MAFF","23764"
"2061","218305_at","IPO4","79711"
"2062","203860_at","PCCA","5095"
"2063","220192_x_at","SPDEF","25803"
"2066","224932_at","CHCHD10","400916"
"2068","225656_at","EFHC1","114327"
"2069","238295_at","TEFM","79736"
"2071","209238_at","STX3","6809"
"2072","226248_s_at","ELAPOR1","57535"
"2073","223915_at","BCOR","54880"
"2076","226350_at","CHML","1122"
"2077","222587_s_at","GALNT7","51809"
"2078","209184_s_at","IRS2","8660"
"2079","1553994_at","NT5E","4907"
"2080","204146_at","RAD51AP1","10635"
"2081","227064_at","ANKRD40","91369"
"2082","201584_s_at","DDX39A","10212"
"2084","224730_at","DCAF7","10238"
"2085","205780_at","BIK","638"
"2086","44040_at","FBXO41","150726"
"2087","224476_s_at","MESP1","55897"
"2088","226535_at","ITGB6","3694"
"2089","226535_at","LINC02478","100505984"
"2090","228320_x_at","BICDL1","92558"
"2091","228549_at","TMEM63A","9725"
"2092","226001_at","KLHL5","51088"
"2093","203509_at","SORL1","6653"
"2095","228057_at","DDIT4L","115265"
"2097","226028_at","ROBO4","54538"
"2098","202329_at","CSK","1445"
"2099","217741_s_at","ZFAND5","7763"
"2100","37028_at","PPP1R15A","23645"
"2103","204167_at","BTD","686"
"2104","202586_at","POLR2L","5441"
"2105","218667_at","PJA1","64219"
"2106","243683_at","MORF4L2","9643"
"2107","212680_x_at","PPP1R14B","26472"
"2108","221880_s_at","FAM174B","400451"
"2109","206632_s_at","APOBEC3B","9582"
"2110","209095_at","DLD","1738"
"2111","207621_s_at","PEMT","10400"
"2112","217989_at","HSD17B11","51170"
"2114","225426_at","PPP6C","5537"
"2115","235496_at","HRCT1","646962"
"2116","203881_s_at","DMD","1756"
"2117","229694_at","WDR11","55717"
"2118","232865_at","AFF4","27125"
"2119","235148_at","KRTCAP3","200634"
"2120","204179_at","MB","4151"
"2123","204667_at","FOXA1","3169"
"2124","211458_s_at","GABARAPL3","23766"
"2126","221795_at","NTRK2","4915"
"2127","213429_at","BICC1","80114"
"2128","204037_at","LPAR1","1902"
"2129","213359_at","HNRNPD","3184"
"2131","209568_s_at","RGL1","23179"
"2132","223165_s_at","IP6K2","51447"
"2136","222830_at","GRHL1","29841"
"2137","230742_at","RBM5","10181"
"2138","225645_at","EHF","26298"
"2139","210239_at","IRX5","10265"
"2140","230360_at","GLDN","342035"
"2141","223339_at","ATP5IF1","93974"
"2144","242492_at","CLNS1A","1207"
"2145","1557828_a_at","TMEM267","64417"
"2146","208436_s_at","IRF7","3665"
"2149","242056_at","TRIM45","80263"
"2150","219371_s_at","KLF2","10365"
"2151","218542_at","CEP55","55165"
"2153","227698_s_at","RAB40C","57799"
"2154","218499_at","STK26","51765"
"2155","225008_at","ASPH","444"
"2158","225031_at","CHD6","84181"
"2159","211813_x_at","DCN","1634"
"2161","1558199_at","FN1","2335"
"2162","209539_at","ARHGEF6","9459"
"2163","208470_s_at","HPR","3250"
"2164","208470_s_at","HP","3240"
"2165","218741_at","CENPM","79019"
"2168","213943_at","TWIST1","7291"
"2173","1568658_at","C2orf74","339804"
"2174","230372_at","HAS2","3037"
"2176","201106_at","GPX4","2879"
"2177","218543_s_at","PARP12","64761"
"2178","225802_at","TOP1MT","116447"
"2179","226711_at","FOXN2","3344"
"2180","219543_at","PBLD","64081"
"2181","215066_at","PTPRF","5792"
"2184","225793_at","LIX1L","128077"
"2186","205109_s_at","ARHGEF4","50649"
"2189","1554547_at","FAM13C","220965"
"2190","213285_at","CDC50B","161291"
"2191","203108_at","GPRC5A","9052"
"2192","238617_at","KIF26B","55083"
"2195","201708_s_at","NIPSNAP1","8508"
"2196","209006_s_at","RSRP1","57035"
"2198","236700_at","EIF3C","8663"
"2199","236700_at","EIF3CL","728689"
"2202","205436_s_at","H2AX","3014"
"2203","242539_at","DIS3L2","129563"
"2204","224928_at","SETD7","80854"
"2206","214140_at","SLC25A16","8034"
"2208","227947_at","PHACTR2","9749"
"2210","202619_s_at","PLOD2","5352"
"2214","209189_at","FOS","2353"
"2215","209122_at","PLIN2","123"
"2216","224937_at","PTGFRN","5738"
"2217","229479_at","LINC01614","105373869"
"2219","210052_s_at","TPX2","22974"
"2220","215169_at","SLC35E2A","9906"
"2221","204351_at","S100P","6286"
"2222","204748_at","PTGS2","5743"
"2223","203810_at","DNAJB4","11080"
"2224","55093_at","CHPF2","54480"
"2225","203431_s_at","ARHGAP32","9743"
"2226","201242_s_at","ATP1B1","481"
"2227","214697_s_at","PTBP3","9991"
"2228","214291_at","RPL17","6139"
"2229","214291_at","RPL17-C18orf32","100526842"
"2230","221843_s_at","MEAK7","57707"
"2231","203145_at","SPAG5","10615"
"2235","209009_at","ESD","2098"
"2236","210612_s_at","SYNJ2","8871"
"2237","226636_at","PLD1","5337"
"2238","1565162_s_at","MGST1","4257"
"2239","221558_s_at","LEF1","51176"
"2240","203920_at","NR1H3","10062"
"2241","223540_at","NECTIN4","81607"
"2242","202575_at","CRABP2","1382"
"2243","236262_at","MMRN2","79812"
"2244","203574_at","NFIL3","4783"
"2246","1556373_a_at","FAM185A","222234"
"2248","225009_at","CMTM4","146223"
"2249","223381_at","NUF2","83540"
"2251","1566191_at","SUZ12","23512"
"2252","210640_s_at","GPER1","2852"
"2253","208944_at","TGFBR2","7048"
"2254","225687_at","SACK1D","81610"
"2255","209048_s_at","ZMYND8","23613"
"2256","205528_s_at","RUNX1T1","862"
"2258","209191_at","TUBB6","84617"
"2261","212419_at","ZCCHC24","219654"
"2262","240168_at","XPO7","23039"
"2263","212157_at","SDC2","6383"
"2264","231166_at","GPR155","151556"
"2265","206949_s_at","RUSC1","23623"
"2267","223296_at","SLC25A33","84275"
"2268","218590_at","TWNK","56652"
"2270","200708_at","GOT2","2806"
"2271","205139_s_at","UST","10090"
"2272","201058_s_at","MYL9","10398"
"2273","1558486_at","ZNF493","284443"
"2274","202743_at","PIK3R3","8503"
"2275","201041_s_at","DUSP1","1843"
"2277","213226_at","CCNA2","890"
"2278","227808_at","DNAJC15","29103"
"2280","226522_at","PODN","127435"
"2281","203790_s_at","RIDA","10247"
"2282","212950_at","ADGRF5","221395"
"2283","212353_at","SULF1","23213"
"2284","219360_s_at","TRPM4","54795"
"2286","224480_s_at","GPAT3","84803"
"2287","202995_s_at","FBLN1","2192"
"2295","225639_at","SKAP2","8935"
"2296","232968_at","FANK1","92565"
"2297","225354_s_at","SH3BGRL2","83699"
"2298","232034_at","LINC00537","203274"
"2300","219979_s_at","HIKESHI","51501"
"2301","227232_at","EVL","51466"
"2302","204858_s_at","TYMP","1890"
"2303","201853_s_at","CDC25B","994"
"2304","228654_at","SPIN4","139886"
"2305","202862_at","FAH","2184"
"2307","222988_s_at","TMEM9","252839"
"2308","216836_s_at","ERBB2","2064"
"2310","202187_s_at","PPP2R5A","5525"
"2313","235102_x_at","SNORD3B-1","26851"
"2314","235102_x_at","SNORD3A","780851"
"2315","235102_x_at","SNORD3B-2","780852"
"2316","235102_x_at","SNORD3C","780853"
"2317","209215_at","SLC75A1","10227"
"2318","202311_s_at","COL1A1","1277"
"2319","201221_s_at","SNRNP70","6625"
"2324","209035_at","MDK","4192"
"2325","223978_s_at","CRLS1","54675"
"2328","209655_s_at","TMEM47","83604"
"2330","226302_at","ATP8B1","5205"
"2332","205164_at","GCAT","23464"
"2333","218974_at","SOBP","55084"
"2334","215388_s_at","CFHR1","3078"
"2337","225911_at","NPNT","255743"
"2338","201034_at","ADD3","120"
"2339","227417_at","MTARC2","54996"
"2340","203066_at","CHST15","51363"
"2341","227498_at","SOX6","55553"
"2342","230250_at","PTPRB","5787"
"2344","210172_at","SF1","7536"
"2345","218662_s_at","NCAPG","64151"
"2346","221802_s_at","SHTN1","57698"
"2348","212875_s_at","C2CD2","25966"
"2350","218686_s_at","RHBDF1","64285"
"2352","229910_at","SHE","126669"
"2353","221215_s_at","RIPK4","54101"
"2355","1556126_s_at","GPATCH2","55105"
"2356","216952_s_at","LMNB2","84823"
"2357","213424_at","MATCAP2","23366"
"2358","224724_at","SULF2","55959"
"2360","236534_at","BNIPL","149428"
"2361","204235_s_at","GULP1","51454"
"2364","212335_at","GNS","2799"
"2365","206953_s_at","ADGRL2","23266"
"2366","224917_at","VMP1","81671"
"2367","224917_at","MIR21","406991"
"2368","213364_s_at","SNX1","6642"
"2369","201030_x_at","LDHB","3945"
"2370","226272_at","RCAN3","11123"
"2371","238419_at","PHLDB2","90102"
"2372","229276_at","IGSF9","57549"
"2373","202422_s_at","ACSL4","2182"
"2375","206385_s_at","ANK3","288"
"2376","228972_at","PITPNA-AS1","100306951"
"2378","213005_s_at","KANK1","23189"
"2380","225017_at","CCDC14","64770"
"2381","229125_at","KANK4","163782"
"2382","228415_at","AP1S2","8905"
"2383","242712_x_at","RANBP2","5903"
"2384","242712_x_at","RGPD5","84220"
"2385","242712_x_at","RGPD4","285190"
"2386","242712_x_at","RGPD1","400966"
"2387","242712_x_at","RGPD3","653489"
"2388","242712_x_at","RGPD8","727851"
"2389","242712_x_at","RGPD6","729540"
"2390","242712_x_at","RGPD2","729857"
"2391","227163_at","GSTO2","119391"
"2392","223278_at","GJB2","2706"
"2393","214769_at","CLCN4","1183"
"2394","202923_s_at","GCLC","2729"
"2395","230653_at","LOC105369228","105369228"
"2396","228560_at","CHDH","55349"
"2397","204787_at","VSIG4","11326"
"2399","214782_at","CTTN","2017"
"2401","225191_at","CIRBP","1153"
"2403","202069_s_at","IDH3A","3419"
"2404","241937_s_at","WDR4","10785"
"2406","230968_at","HDAC9","9734"
"2407","202016_at","MEST","4232"
"2413","225280_x_at","ARSD","414"
"2414","219411_at","ELMO3","79767"
"2415","203035_s_at","PIAS3","10401"
"2418","209403_at","TBC1D3E","102723859"
"2419","209403_at","TBC1D3F","84218"
"2420","209403_at","TBC1D3B","414059"
"2421","209403_at","TBC1D3C","414060"
"2422","209403_at","TBC1D3","729873"
"2423","209403_at","TBC1D3H","729877"
"2424","209403_at","TBC1D3G","101060321"
"2425","209403_at","TBC1D3K","101060351"
"2426","209403_at","TBC1D3L","101060376"
"2427","209403_at","TBC1D3D","101060389"
"2428","209403_at","TBC1D3I","102724862"
"2430","228551_at","DENND5B","160518"
"2431","206546_at","SYCP2","10388"
"2433","224999_at","EGFR","1956"
"2435","202790_at","CLDN7","1366"
"2436","218487_at","ALAD","210"
"2437","203886_s_at","FBLN2","2199"
"2440","208671_at","SERINC1","57515"
"2443","238647_at","DORIP1","122525"
"2448","223211_at","HACL1","26061"
"2451","209774_x_at","CXCL2","2920"
"2452","228950_s_at","WLS","79971"
"2453","238688_at","TPM1","7168"
"2456","219288_at","CEP15","57415"
"2459","222848_at","CENPK","64105"
"2460","218698_at","APIP","51074"
"2461","228708_at","RAB27B","5874"
"2462","222731_at","ZDHHC2","51201"
"2468","217143_s_at","TRDC","28526"
"2469","202890_at","MAP7","9053"
"2470","204976_s_at","AMMECR1","9949"
"2471","204677_at","CDH5","1003"
"2473","201843_s_at","EFEMP1","2202"
"2474","205619_s_at","MEOX1","4222"
"2476","213353_at","ABCA5","23461"
"2477","214696_at","MIR22HG","84981"
"2478","213050_at","COBL","23242"
"2482","226706_at","QSOX1","5768"
"2483","201818_at","LPCAT1","79888"
"2485","213133_s_at","GCSH","2653"
"2487","200782_at","ANXA5","308"
"2488","201010_s_at","TXNIP","10628"
"2489","212686_at","PPM1H","57460"
"2490","221245_s_at","FZD5","7855"
"2491","234192_s_at","GKAP1","80318"
"2492","202613_at","CTPS1","1503"
"2493","213187_x_at","FTL","2512"
"2494","226121_at","DHRS13","147015"
"2495","225065_x_at","SNHG29","125144"
"2499","202039_at","MYO18A","399687"
"2500","222258_s_at","SH3BP4","23677"
"2506","208296_x_at","TNFAIP8","25816"
"2507","227062_at","NEAT1","283131"
"2508","225014_at","SMIM20","389203"
"2510","204444_at","KIF11","3832"
"2513","1554287_at","TRIM4","89122"
"2515","225968_at","PRICKLE2","166336"
"2517","224568_x_at","MALAT1","378938"
"2518","226818_at","MPEG1","219972"
"2519","203764_at","DLGAP5","9787"
"2520","222514_at","RRAGC","64121"
"2522","222744_s_at","TMLHE","55217"
"2523","205226_at","PDGFRL","5157"
"2525","208610_s_at","SRRM2","23524"
"2527","207469_s_at","PIR","8544"
"2529","202861_at","PER1","5187"
"2530","227840_at","C2orf76","130355"
"2531","220199_s_at","AIDA","64853"
"2536","223229_at","UBE2T","29089"
"2538","229800_at","DCLK1","9201"
"2543","223437_at","PPARA","5465"
"2545","203335_at","PHYH","5264"
"2548","1566557_at","BAIAP2-DT","440465"
"2549","218418_s_at","KANK2","25959"
"2550","200785_s_at","LRP1","4035"
"2551","203498_at","RCAN2","10231"
"2552","209502_s_at","BAIAP2","10458"
"2553","227755_at","ERN1","2081"
"2554","219474_at","C3orf52","79669"
"2555","202350_s_at","MATN2","4147"
"2556","216598_s_at","CCL2","6347"
"2559","202709_at","FMOD","2331"
"2560","210764_s_at","CCN1","3491"
"2561","204600_at","EPHB3","2049"
"2566","225230_at","DRAM2","128338"
"2568","226039_at","MGAT4A","11320"
"2569","202183_s_at","KIF22","3835"
"2570","222689_at","ACER3","55331"
"2572","228051_at","ARFGEF3","57221"
"2573","212397_at","RDX","5962"
"2576","209343_at","EFHD1","80303"
"2583","202095_s_at","BIRC5","332"
"2584","218355_at","KIF4A","24137"
"2587","238012_at","DPP7","29952"
"2588","226653_at","MARK1","4139"
"2589","227780_s_at","ECSCR","641700"
"2591","206074_s_at","HMGA1","3159"
"2594","213459_at","RPL37A","6168"
"2598","202017_at","EPHX1","2052"
"2599","219304_s_at","PDGFD","80310"
"2600","228868_x_at","CDT1","81620"
"2601","204326_x_at","MT1X","4501"
"2602","207943_x_at","PLAGL1","5325"
"2603","221768_at","SFPQ","6421"
"2604","204939_s_at","PLN","5350"
"2607","221765_at","UGCG","7357"
"2608","214761_at","ZNF423","23090"
"2609","223349_s_at","BOK","666"
"2611","222835_at","THSD4","79875"
"2612","224840_at","FKBP5","2289"
"2613","212766_s_at","ISG20L2","81875"
"2614","228185_at","ZNF25","219749"
"2616","205483_s_at","ISG15","9636"
"2620","211996_s_at","NPIPB13","613037"
"2623","209016_s_at","KRT7","3855"
"2624","225293_at","COL27A1","85301"
"2626","229308_at","ANKRD29","147463"
"2630","209074_s_at","FAM107A","11170"
"2631","201170_s_at","BHLHE40","8553"
"2632","213844_at","HOXA5","3202"
"2633","205739_x_at","ZNF107","51427"
"2634","235561_at","TXNL1","9352"
"2636","201848_s_at","BNIP3","664"
"2637","218491_s_at","THYN1","29087"
"2638","205951_at","MYH1","4619"
"2639","221381_s_at","MORF4","10934"
"2640","221381_s_at","MORF4L1","10933"
"2641","209596_at","MXRA5","25878"
"2644","213887_s_at","POLR2E","5434"
"2645","209946_at","VEGFC","7424"
"2646","242722_at","LMO7","4008"
"2647","224610_at","SNHG1","23642"
"2648","230712_at","NBPF1","55672"
"2649","230712_at","LOC102724250","102724250"
"2650","207480_s_at","MEIS2","4212"
"2651","228455_at","RBM15","64783"
"2653","212915_at","PDZRN3","23024"
"2654","209803_s_at","PHLDA2","7262"
"2655","204220_at","GMFG","9535"
"2656","222621_at","DNAJC1","64215"
"2661","223374_s_at","B3GALNT1","8706"
"2663","1555419_a_at","ASAH1","427"
"2664","242389_at","LUC7L3","51747"
"2665","213960_at","NTRK3","4916"
"2667","222486_s_at","ADAMTS1","9510"
"2671","222826_at","BLOC1S6","26258"
"2672","209488_s_at","RBPMS","11030"
"2673","222714_s_at","LACTB2","51110"
"2674","226326_at","PCGF5","84333"
"2675","226792_s_at","KIFC2","90990"
"2678","209868_s_at","RBMS1","5937"
"2679","211071_s_at","MLLT11","10962"
"2680","203911_at","RAP1GAP","5909"
"2683","207809_s_at","ATP6AP1","537"
"2684","202546_at","VAMP8","8673"
"2686","222043_at","CLU","1191"
"2687","226499_at","NRARP","441478"
"2688","209959_at","NR4A3","8013"
"2691","214744_s_at","RPL23","9349"
"2692","201005_at","CD9","928"
"2693","216804_s_at","PDLIM5","10611"
"2694","220233_at","FBXO17","115290"
"2695","1554608_at","TGOLN2","10618"
"2696","204565_at","ACOT13","55856"
"2697","209436_at","SPON1","10418"
"2698","215248_at","GRB10","2887"
"2699","229831_at","CNTN3","5067"
"2701","200800_s_at","HSPA1A","3303"
"2702","200800_s_at","HSPA1B","3304"
"2704","225681_at","CTHRC1","115908"
"2706","204679_at","KCNK1","3775"
"2707","227429_at","CRACR2B","283229"
"2708","222336_at","SMIM14","201895"
"2710","223849_s_at","MOV10","4343"
"2712","221427_s_at","CCNL2","81669"
"2714","212192_at","KCTD12","115207"
"2715","208158_s_at","OSBPL1A","114876"
"2718","229498_at","MBNL3","55796"
"2719","201195_s_at","SLC7A5","8140"
"2720","219454_at","EGFL6","25975"
"2722","218959_at","HOXC10","3226"
"2724","203186_s_at","S100A4","6275"
"2725","239278_at","BCAS4","55653"
"2726","218486_at","KLF11","8462"
"2727","204359_at","FLRT2","23768"
"2728","225627_s_at","CACHD1","57685"
"2729","204033_at","TRIP13","9319"
"2731","227063_at","TMEM256","254863"
"2733","203002_at","AMOTL2","51421"
"2734","204396_s_at","GRK5","2869"
"2736","218931_at","RAB17","64284"
"2737","213931_at","ID2","3398"
"2738","213931_at","ID2B","84099"
"2739","209173_at","AGR2","10551"
"2740","222958_s_at","DEPDC1","55635"
"2741","225107_at","HNRNPA2B1","3181"
"2742","222496_s_at","RBM47","54502"
"2743","204162_at","NDC80","10403"
"2744","1558732_at","MAP4K4","9448"
"2745","212614_at","ARID5B","84159"
"2746","236798_at","SNHG33","100505687"
"2747","204011_at","SPRY2","10253"
"2748","226558_at","LOC389834","389834"
"2749","226558_at","MAFIP","727764"
"2750","226558_at","TEKT4P2","100132288"
"2751","226558_at","LOC105379273","105379273"
"2752","229367_s_at","GIMAP6","474344"
"2754","1555778_a_at","POSTN","10631"
"2755","223623_at","ECRG4","84417"
"2756","202075_s_at","PLTP","5360"
"2757","225381_at","MIR100HG","399959"
"2759","212298_at","NRP1","8829"
"2761","203256_at","CDH3","1001"
"2762","205433_at","BCHE","590"
"2764","219257_s_at","SPHK1","8877"
"2765","204078_at","P3H4","10609"
"2767","218704_at","RNF43","54894"
"2768","242281_at","GLUL","2752"
"2769","212810_s_at","SLC1A4","6509"
"2771","238673_at","SAMD12","401474"
"2772","204379_s_at","FGFR3","2261"
"2774","225651_at","UBE2E2","7325"
"2775","203259_s_at","HDDC2","51020"
"2776","211744_s_at","CD58","965"
"2777","205180_s_at","ADAM8","101"
"2778","208699_x_at","TKT","7086"
"2780","221760_at","MAN1A1","4121"
"2781","214774_x_at","TOX3","27324"
"2783","1554769_at","ZNF785","146540"
"2785","204834_at","FGL2","10875"
"2788","201951_at","ALCAM","214"
"2791","203608_at","ALDH5A1","7915"
"2793","36499_at","CELSR2","1952"
"2794","208964_s_at","FADS1","3992"
"2795","230180_at","DDX17","10521"
"2796","204683_at","ICAM2","3384"
"2797","226150_at","PLPP5","84513"
"2798","225108_at","AGPS","8540"
"2799","203688_at","PKD2","5311"
"2800","202073_at","OPTN","10133"
"2801","222240_s_at","ISYNA1","51477"
"2802","202404_s_at","COL1A2","1278"
"2803","206043_s_at","ATP2C2","9914"
"2805","223214_s_at","ZHX1","11244"
"2807","38487_at","STAB1","23166"
"2810","219786_at","TESMIN","9633"
"2811","213258_at","TFPI","7035"
"2812","210652_s_at","TTC39A","22996"
"2814","205871_at","PLGLB2","5342"
"2815","205871_at","PLGLB1","5343"
"2817","203430_at","HEBP2","23593"
"2818","239049_at","CRIPT","9419"
"2819","215470_at","GTF2H2B","653238"
"2820","209890_at","TSPAN5","10098"
"2821","202357_s_at","CFB","629"
"2824","222614_at","RWDD2B","10069"
"2827","230641_at","ICA1-AS1","100505938"
"2828","227046_at","SLC39A11","201266"
"2830","232231_at","RUNX2","860"
"2831","210130_s_at","TM7SF2","7108"
"2832","202762_at","ROCK2","9475"
"2833","228069_at","MTFR2","113115"
"2834","209380_s_at","ABCC5","10057"
"2835","200883_at","UQCRC2","7385"
"2837","232676_x_at","MYEF2","50804"
"2838","204510_at","CDC7","8317"
"2839","213135_at","TIAM1","7074"
"2842","209695_at","PTP4A3","11156"
"2843","223395_at","ABI3BP","25890"
"2846","204731_at","TGFBR3","7049"
"2848","200884_at","CKB","1152"
"2850","204709_s_at","KIF23","9493"
"2851","204962_s_at","CENPA","1058"
"2853","201105_at","LGALS1","3956"
"2854","210220_at","FZD2","2535"
"2855","228850_s_at","SLIT2","9353"
"2856","228372_at","TMEM273","170371"
"2857","230093_at","RSPH1","89765"
"2858","204897_at","PTGER4","5734"
"2859","212187_x_at","PTGDS","5730"
"2860","205047_s_at","ASNS","440"
"2861","203304_at","BAMBI","25805"
"2862","203640_at","MBNL2","10150"
"2863","210889_s_at","FCGR2B","2213"
"2868","226863_at","FAM110C","642273"
"2874","209199_s_at","MEF2C","4208"
"2876","218211_s_at","MLPH","79083"
"2877","234464_s_at","EME1","146956"
"2878","200670_at","XBP1","7494"
"2879","202986_at","ARNT2","9915"
"2881","224374_s_at","EMILIN2","84034"
"2882","1568838_at","WASIR2","100132169"
"2883","203397_s_at","GALNT3","2591"
"2884","240304_s_at","TMC5","79838"
"2886","204363_at","F3","2152"
"2887","227386_s_at","TMEM200B","399474"
"2888","227099_s_at","C11orf96","387763"
"2889","209366_x_at","CYB5A","1528"
"2891","204929_s_at","VAMP5","10791"
"2892","205141_at","ANG","283"
"2895","222819_at","CTPS2","56474"
"2900","202145_at","LY6E","4061"
"2902","230748_at","SLC16A6","9120"
"2903","221666_s_at","PYCARD","29108"
"2905","232083_at","KIF16B","55614"
"2907","212667_at","SPARC","6678"
"2908","209969_s_at","STAT1","6772"
"2909","213913_s_at","TBC1D30","23329"
"2911","203362_s_at","MAD2L1","4085"
"2914","210006_at","ABHD14A","25864"
"2915","213568_at","OSR2","116039"
"2916","212558_at","SPRY1","10252"
"2917","235170_at","ZNF92","168374"
"2918","203803_at","PCYOX1","51449"
"2921","228175_at","SLC4A8","9498"
"2922","210117_at","SPAG1","6674"
"2926","213103_at","STARD13","90627"
"2927","230660_at","SERTAD4","56256"
"2929","214039_s_at","LAPTM4B","55353"
"2930","209737_at","MAGI2","9863"
"2931","204646_at","DPYD","1806"
"2932","210069_at","CPT1B","1375"
"2933","210069_at","CHKB-CPT1B","386593"
"2934","204508_s_at","CA12","771"
"2935","218236_s_at","PRKD3","23683"
"2936","227342_s_at","MYEOV","26579"
"2937","1556821_x_at","DLEU2","8847"
"2938","223220_s_at","PARP9","83666"
"2942","201116_s_at","CPE","1363"
"2943","219148_at","PBK","55872"
"2944","216222_s_at","MYO10","4651"
"2946","209875_s_at","SPP1","6696"
"2947","203038_at","PTPRK","5796"
"2949","223084_s_at","CCNDBP1","23582"
"2950","204567_s_at","ABCG1","9619"
"2952","218854_at","DSE","29940"
"2954","230416_at","PDZD8","118987"
"2955","209276_s_at","GLRX","2745"
"2956","202376_at","SERPINA3","12"
"2958","203131_at","PDGFRA","5156"
"2959","1566342_at","SOD2","6648"
"2962","228063_s_at","NAP1L5","266812"
"2963","222847_s_at","EGLN3","112399"
"2966","228806_at","RORC","6097"
"2968","212233_at","MAP1B","4131"
"2969","212242_at","TUBA4A","7277"
"2970","204942_s_at","ALDH3B2","222"
"2971","227566_at","NTM","50863"
"2972","227697_at","SOCS3","9021"
"2973","201710_at","MYBL2","4605"
"2974","210469_at","DLG5","9231"
"2975","214239_x_at","PCGF2","7703"
"2976","227224_at","RALGPS2","55103"
"2978","202260_s_at","STXBP1","6812"
"2980","218885_s_at","GALNT12","79695"
"2982","230187_s_at","LOC101927268","101927268"
"2983","230187_s_at","LOC102724851","102724851"
"2986","201118_at","PGD","5226"
"2988","225806_at","AJUBA","84962"
"2989","226961_at","PRR15","222171"
"2990","205794_s_at","NOVA1","4857"
"2991","207808_s_at","PROS1","5627"
"2992","218191_s_at","LMBRD1","55788"
"2993","217028_at","CXCR4","7852"
"2994","219768_at","VTCN1","79679"
"2996","226246_at","KCTD1","284252"
"2998","202609_at","EPS8","2059"
"2999","206584_at","LY96","23643"
"3002","218368_s_at","TNFRSF12A","51330"
"3004","225163_at","FRMD4A","55691"
"3005","232346_at","LINC02591","388692"
"3006","214250_at","NUMA1","4926"
"3007","235651_at","TTC22","55001"
"3008","225834_at","FAM72C","554282"
"3009","225834_at","FAM72B","653820"
"3010","225834_at","FAM72D","728833"
"3011","225834_at","FAM72A","729533"
"3012","214651_s_at","HOXA9","3205"
"3013","214651_s_at","HOXA10-HOXA9","100534589"
"3015","1555989_at","DAAM1","23002"
"3017","238481_at","MGP","4256"
"3019","217771_at","GOLM1","51280"
"3020","203780_at","MPZL2","10205"
"3025","205807_s_at","TUFT1","7286"
"3026","204352_at","TRAF5","7188"
"3027","230147_at","F2RL2","2151"
"3029","221731_x_at","VCAN","1462"
"3031","203628_at","IGF1R","3480"
"3032","226456_at","RMI2","116028"
"3034","204364_s_at","REEP1","65055"
"3036","217865_at","RNF130","55819"
"3037","204224_s_at","GCH1","2643"
"3038","230417_at","GALNT16","57452"
"3040","226424_at","CAPS","828"
"3043","231897_at","PTGR1","22949"
"3044","218804_at","ANO1","55107"
"3045","204971_at","CSTA","1475"
"3047","201387_s_at","UCHL1","7345"
"3049","202388_at","RGS2","5997"
"3051","209471_s_at","FNTA","2339"
"3052","229377_at","GRTP1","79774"
"3053","218404_at","SNX10","29887"
"3056","1558281_a_at","TMEM184A","202915"
"3059","1555037_a_at","IDH1","3417"
"3061","228665_at","CYYR1","116159"
"3062","212489_at","COL5A1","1289"
"3063","200953_s_at","CCND2","894"
"3064","241368_at","PLIN5","440503"
"3068","202580_x_at","FOXM1","2305"
"3070","214375_at","PPFIBP1","8496"
"3072","211985_s_at","CALM2","805"
"3073","224997_x_at","H19","283120"
"3074","226814_at","ADAMTS9","56999"
"3076","227708_at","EEF1A1","1915"
"3077","226473_at","CBX2","84733"
"3078","204990_s_at","ITGB4","3691"
"3079","219389_at","SUSD4","55061"
"3080","236293_at","RHOH","399"
"3081","208527_x_at","H2BC6","8344"
"3082","219317_at","POLI","11201"
"3083","209714_s_at","CDKN3","1033"
"3086","226325_at","ADSS1","122622"
"3088","204236_at","FLI1","2313"
"3090","205499_at","SRPX2","27286"
"3091","201313_at","ENO2","2026"
"3092","228360_at","LYPD6B","130576"
"3093","223551_at","PKIB","5570"
"3095","211966_at","COL4A2","1284"
"3098","1555982_at","ZFYVE16","9765"
"3100","230388_s_at","KANSL1-AS1","644246"
"3101","229105_at","GPR39","2863"
"3102","204823_at","NAV3","89795"
"3103","204475_at","MMP1","4312"
"3104","202088_at","SLC39A6","25800"
"3108","225496_s_at","SYTL2","54843"
"3109","201427_s_at","SELENOP","6414"
"3111","1556474_a_at","LOC285097","285097"
"3113","202672_s_at","ATF3","467"
"3116","204688_at","SGCE","8910"
"3118","236496_at","DEGS2","123099"
"3119","227804_at","TLCD1","116238"
"3120","205376_at","INPP4B","8821"
"3121","204070_at","PLAAT4","5920"
"3122","219476_at","C1orf116","79098"
"3123","221667_s_at","HSPB8","26353"
"3124","201149_s_at","TIMP3","7078"
"3125","204533_at","CXCL10","3627"
"3127","219630_at","PDZK1IP1","10158"
"3128","206110_at","H3C10","8357"
"3132","225342_at","AK4","205"
"3133","205419_at","GPR183","1880"
"3134","208891_at","DUSP6","1848"
"3137","229287_at","PCNX1","22990"
"3140","211657_at","CEACAM6","4680"
"3142","223691_at","RGS22","26166"
"3143","227450_at","ERP27","121506"
"3145","201525_at","APOD","347"
"3146","207131_x_at","GGT1","2678"
"3147","207131_x_at","GGTLC2","91227"
"3148","207131_x_at","GGTLC1","92086"
"3149","207131_x_at","GGT2P","728441"
"3150","207131_x_at","LOC102724197","102724197"
"3151","212724_at","RND3","390"
"3152","229245_at","PLEKHA6","22874"
"3153","227480_at","SUSD2","56241"
"3154","219215_s_at","SLC39A4","55630"
"3155","202992_at","C7","730"
"3156","226022_at","SASH1","23328"
"3157","216973_s_at","HOXB7","3217"
"3158","204675_at","SRD5A1","6715"
"3159","210108_at","CACNA1D","776"
"3160","224952_at","TANC2","26115"
"3161","229499_at","CAPN13","92291"
"3162","218640_s_at","PLEKHF2","79666"
"3163","238584_at","DRC11","79781"
"3165","206326_at","GRP","2922"
"3166","225078_at","EMP2","2013"
"3167","202007_at","NID1","4811"
"3168","202856_s_at","SLC16A3","9123"
"3170","207109_at","POU2F3","25833"
"3172","229147_at","RASSF6","166824"
"3173","214038_at","CCL8","6355"
"3176","219359_at","PGGHG","80162"
"3178","244264_at","KLRG2","346689"
"3179","210387_at","NCALD","83988"
"3180","210387_at","H2BC8","8339"
"3181","201645_at","TNC","3371"
"3182","224925_at","PREX1","57580"
"3185","218888_s_at","NETO2","81831"
"3186","213358_at","MTCL1","23255"
"3187","224367_at","BEX2","84707"
"3188","219010_at","INAVA","55765"
"3189","1553678_a_at","ITGB1","3688"
"3190","202112_at","VWF","7450"
"3192","217901_at","DSG2","1829"
"3194","202708_s_at","H2BC21","8349"
"3195","205190_at","PLS1","5357"
"3196","204415_at","IFI6","2537"
"3197","225817_at","CGNL1","84952"
"3198","215043_s_at","GUSBP15","11042"
"3202","243296_at","NAMPT","10135"
"3204","201850_at","CAPG","822"
"3205","221019_s_at","COLEC12","81035"
"3206","206247_at","MICB","4277"
"3208","209498_at","CEACAM1","634"
"3209","202307_s_at","TAP1","6890"
"3211","227556_at","NME7","29922"
"3212","226419_s_at","SRSF1","6426"
"3215","229964_at","C9orf152","401546"
"3216","208161_s_at","ABCC3","8714"
"3217","221582_at","H2AC25","92815"
"3218","204776_at","THBS4","7060"
"3220","204457_s_at","GAS1","2619"
"3221","202409_at","IGF2","3481"
"3222","202409_at","INS-IGF2","723961"
"3223","215049_x_at","CD163","9332"
"3224","1556666_a_at","TTC6","319089"
"3226","203936_s_at","MMP9","4318"
"3227","201858_s_at","SRGN","5552"
"3228","219654_at","HACD1","9200"
"3229","227769_at","GPR27","2850"
"3230","227966_s_at","CCDC74A","90557"
"3231","227966_s_at","CCDC74B","91409"
"3232","229030_at","CAPN8","388743"
"3233","55616_at","PGAP3","93210"
"3234","239468_at","MKX","283078"
"3235","206082_at","HCP5","10866"
"3236","211712_s_at","ANXA9","8416"
"3237","212776_s_at","OBSL1","23363"
"3238","202718_at","IGFBP2","3485"
"3239","222760_at","ZNF703","80139"
"3243","205357_s_at","AGTR1","185"
"3244","225915_at","CAB39L","81617"
"3245","229119_s_at","ZSWIM7","125150"
"3246","200986_at","SERPING1","710"
"3247","228462_at","IRX2","153572"
"3248","233337_s_at","SEZ6L2","26470"
"3252","229139_at","JPH1","56704"
"3256","232202_at","SACK1B","222584"
"3257","213201_s_at","TNNT1","7138"
"3259","208788_at","ELOVL5","60481"
"3261","239153_at","HOTAIR","100124700"
"3262","203417_at","MFAP2","4237"
"3263","222453_at","CYBRD1","79901"
"3264","208146_s_at","CPVL","54504"
"3265","231766_s_at","COL12A1","1303"
"3266","227803_at","ENPP5","59084"
"3267","223949_at","TMPRSS3","64699"
"3268","219857_at","PLEKHS1","79949"
"3269","242912_at","POTEM","641455"
"3270","217867_x_at","BACE2","25825"
"3271","203637_s_at","MID1","4281"
"3272","203477_at","COL15A1","1306"
"3275","230493_at","SHISA2","387914"
"3277","213906_at","MYBL1","4603"
"3278","228974_at","ZNF677","342926"
"3279","205590_at","RASGRP1","10125"
"3280","209806_at","H2BC12","85236"
"3282","209791_at","PADI2","11240"
"3283","227314_at","ITGA2","3673"
"3284","205819_at","MARCO","8685"
"3285","223423_at","GPR160","26996"
"3286","214953_s_at","APP","351"
"3287","208335_s_at","ACKR1","2532"
"3288","205830_at","CLGN","1047"
"3289","227921_at","LOC102724701","102724701"
"3290","227921_at","CH507-145C22.1","105379493"
"3291","227921_at","LOC105379499","105379499"
"3293","232481_s_at","SLITRK6","84189"
"3297","217744_s_at","PERP","64065"
"3298","201641_at","BST2","684"
"3300","202086_at","MX1","4599"
"3303","204698_at","ISG20","3669"
"3304","227811_at","FGD3","89846"
"3305","229975_at","BMPR1B","658"
"3306","235911_at","MELTF","4241"
"3307","223864_at","ANKRD30A","91074"
"3310","205541_s_at","GSPT2","23708"
"3311","226884_at","LRRN1","57633"
"3312","219255_x_at","IL17RB","55540"
"3313","219352_at","HERC6","55008"
"3314","226189_at","ITGB8","3696"
"3315","207522_s_at","ATP2A3","489"
"3316","221024_s_at","SLC2A10","81031"
"3317","218976_at","DNAJC12","56521"
"3318","218856_at","TNFRSF21","27242"
"3320","209123_at","QDPR","5860"
"3322","213557_at","CDK12","51755"
"3324","203439_s_at","STC2","8614"
"3325","222484_s_at","CXCL14","9547"
"3326","206595_at","CST6","1474"
"3328","209504_s_at","PLEKHB1","58473"
"3329","205280_at","GLRB","2743"
"3330","204337_at","RGS4","5999"
"3331","223631_s_at","C19orf33","64073"
"3333","240192_at","GATA3-AS1","399717"
"3335","211430_s_at","IGHG3","3502"
"3336","211430_s_at","IGHG1","3500"
"3337","211430_s_at","IGHM","3507"
"3338","211430_s_at","IGHV4-31","28396"
"3339","209291_at","ID4","3400"
"3340","201467_s_at","NQO1","1728"
"3342","223748_at","SLC4A11","83959"
"3343","206157_at","PTX3","5806"
"3345","229158_at","WNK4","65266"
"3348","202712_s_at","CKMT1B","1159"
"3349","202712_s_at","CKMT1A","548596"
"3351","202037_s_at","SFRP1","6422"
"3352","204041_at","MAOB","4129"
"3353","210096_at","CYP4B1","1580"
"3354","218232_at","C1QA","712"
"3355","203892_at","WFDC2","10406"
"3356","229381_at","SRARP","149563"
"3357","229580_at","CLSTN2","64084"
"3358","205569_at","LAMP3","27074"
"3359","214290_s_at","H2AC18","8337"
"3360","214290_s_at","H2AC19","723790"
"3361","202018_s_at","LTF","4057"
"3362","209114_at","TSPAN1","10103"
"3363","209278_s_at","TFPI2","7980"
"3364","230788_at","GCNT2","2651"
"3365","228241_at","AGR3","155465"
"3366","39248_at","AQP3","360"
"3367","226021_at","RDH10","157506"
"3369","237339_at","LINC00993","101929520"
"3370","207076_s_at","ASS1","445"
"3371","226736_at","CHURC1","91612"
"3372","225491_at","SLC1A2","6506"
"3373","205009_at","TFF1","7031"
"3374","220414_at","CALML5","51806"
"3375","204914_s_at","SOX11","6664"
"3376","226809_at","FAR2P2","100216479"
"3378","205440_s_at","NPY1R","4886"
"3381","212730_at","SYNM","23336"
"3382","210163_at","CXCL11","6373"
"3383","204595_s_at","STC1","6781"
"3384","235153_at","RNF183","138065"
"3386","206754_s_at","CYP2B6","1555"
"3387","206754_s_at","CYP2B7P","1556"
"3389","212236_x_at","KRT17","3872"
"3390","219557_s_at","NRIP3","56675"
"3391","219300_s_at","CNTNAP2","26047"
"3392","238755_at","RASSF10","644943"
"3393","236285_at","KLHDC7B","113730"
"3394","204734_at","KRT15","3866"
"3395","214324_at","GP2","2813"
"3396","227425_at","REPS2","9185"
"3397","203485_at","RTN1","6252"
"3398","240633_at","DOK7","285489"
"3399","211429_s_at","SERPINA1","5265"
"3400","230863_at","LRP2","4036"
"3401","1553394_a_at","TFAP2B","7021"
"3402","204268_at","S100A2","6273"
"3403","203915_at","CXCL9","4283"
"3404","204623_at","TFF3","7033"
"3406","211421_s_at","RET","5979"
"3407","212094_at","PEG10","23089"
"3408","1553434_at","CYP4Z2P","163720"
"3410","205916_at","S100A7","6278"
"3412","1552507_at","KCNE4","23704"
"3413","237395_at","CYP4Z1","199974"
"3415","205890_s_at","UBD","10537"
"3416","205890_s_at","GABBR1","2550"
"3418","214440_at","NAT1","9"
"3420","213680_at","KRT6B","3854"
